,barcode,category,categoryCode,name,topBrand,brandCode
0,511111019862,Baking,BAKING,test brand @1612366101024,0.0,
1,511111519928,Beverages,BEVERAGES,Starbucks,0.0,STARBUCKS
2,511111819905,Baking,BAKING,test brand @1612366146176,0.0,TEST BRANDCODE @1612366146176
3,511111519874,Baking,BAKING,test brand @1612366146051,0.0,TEST BRANDCODE @1612366146051
4,511111319917,Candy & Sweets,CANDY_AND_SWEETS,test brand @1612366146827,0.0,TEST BRANDCODE @1612366146827
5,511111719885,Baking,BAKING,test brand @1612366146091,0.0,TEST BRANDCODE @1612366146091
6,511111219897,Baking,BAKING,test brand @1612366146133,0.0,TEST BRANDCODE @1612366146133
7,511111104810,Condiments & Sauces,,J.L. Kraft,,J.L. KRAFT
8,511111504412,Canned Goods & Soups,,Campbell's Home Style,0.0,CAMPBELLS HOME STYLE
9,511111504788,Baking,,test,,TEST
10,511111516354,Baking,BAKING,test brand @1598813526777,,TEST BRANDCODE @1598813526777
11,511111102540,,,MorningStar,,
12,511111201076,Baking,,Calumet,0.0,CALUMET
13,511111205012,Magazines,,Entertainment Weekly,,511111205012
14,511111801801,Breakfast & Cereal,,AUNT JEMIMA Syrup,0.0,AUNT JEMIMA SYRUP
15,511111202233,Beer Wine Spirits,,Molson Canadian,0.0,MOLSON
16,511111817376,Health & Wellness,HEALTHY_AND_WELLNESS,Lotrimin®,0.0,LOTRIMIN
17,511111515319,Baking,BAKING,test brand @1597342520277,,TEST BRANDCODE @1597342520277
18,511111317364,Baking,BAKING,test brand @1605535049181,0.0,
19,511111300700,Beauty,,ST. IVES,0.0,ST IVES
20,511111305125,Baby,,Chris Image Test,,CHRISIMAGE
21,511111005650,Health & Wellness,HEALTHY_AND_WELLNESS,Alka-Seltzer®,,ALKA SELTZER
22,511111802129,Condiments & Sauces,,Jack Daniel's,0.0,JACK DANIEL'S BARBECUE
23,511111303947,,,Bottled Starbucks,,
24,511111802914,,,Full Throttle,,
25,511111914549,Baking,BAKING,PopUp Brand A,,
26,511111400769,Frozen,,MAGNUM Ice Cream,0.0,MAGNUM Ice Cream
27,511111105329,Magazines,,Elegant Homes Magazine,,511111105329
28,511111316114,Baking,BAKING,test brand @1598635634882,,TEST BRANDCODE @1598635634882
29,511111315957,Baking,BAKING,test brand @1598633693011,,
30,511111201915,Grocery,,Taco Bell,0.0,TACO BELL
31,511111518112,Baking,BAKING,test brand @1607639214411,0.0,
32,511111506249,Breakfast & Cereal,,Frosted Cheerios™,,FROSTED CHEERIOS
33,511111916161,Baking,BAKING,test brand @1598639199674,,TEST BRANDCODE @1598639199674
34,511111103653,,,Gold Medal,,
35,511111100621,Baking,,GODIVA Instant Pudding Mix,0.0,GODIVA DRY PACKAGED DESSERTS
36,511111305910,Snacks,,LÄRABAR™,,LARABAR
37,511111115366,Baking,BAKING,test brand @1597350074333,,TEST BRANDCODE @1597350074333
38,511111718079,Baking,BAKING,test brand @1607636368717,0.0,TEST BRANDCODE @1607636368717
39,511111818182,Baking,BAKING,test brand @1607707830095,0.0,TEST BRANDCODE @1607707830095
40,511111504627,Household,,Cottonelle,0.0,COTTONELLE
41,511111301691,Beverages,,Izze,0.0,IZZE
42,511111101178,Beverages,,Mio,0.0,MIO
43,511111503699,,,Glaceau vitaminwater,,
44,511111505365,Magazines,,Magnolia Journal Magazine,,511111505365
45,511111405252,Magazines,,American Patchwork & Quilting Magazine,,QUILTING SPECIAL EDITION
46,511111104025,,,Gree Giant,,
47,511111317203,Baking,BAKING,test brand @1604437351617,0.0,TEST BRANDCODE @1604437351617
48,511111900337,Beer Wine Spirits,,Herman Joseph's,,HERMAN
49,511111302629,,,Sundrop,,
50,511111704935,Beverages,,Kevita Sparkling Drinks,,KEVITA
51,511111902188,Frozen,,Delimex,0.0,DELIMEX
52,511111004844,Personal Care,,THE RIGHT TO SHOWER,,THE RIGHT TO SHOWER
53,511111100904,Personal Care,,CARESS,0.0,CARESS
54,511111115083,Baking,BAKING,test brand @1595340086044,,TEST BRANDCODE @1595340086044
55,511111603870,,,Blue Bunny,,
56,511111103141,,,Krave,,
57,511111315513,Baking,BAKING,test brand @1597861700968,,TEST BRANDCODE @1597861700968
58,511111106876,Grocery,,DASH-2249 Brand1,1.0,TEST BRAND CODE
59,511111115649,Candy & Sweets,CANDY_AND_SWEETS,test brand @1598026275245,,TEST BRANDCODE @1598026275245
60,511111204206,Canned Goods & Soups,,Swanson,0.0,SWANSON
61,511111102618,,,A&W Rootbeer,,
62,511111415626,Baking,BAKING,test brand @1598026274668,,TEST BRANDCODE @1598026274668
63,511111306887,Frozen,,DASH-2249 Brand2,0.0,DASH-2249 1
64,511111805854,Health & Wellness,,ONE A DAY® WOMENS,0.0,511111805854
65,511111104537,Snacks,,Kettle Brand,0.0,KETTLE BRAND
66,511111404392,Canned Goods & Soups,,Campbell's Soup at Hand,0.0,CAMPBELLS SOUP AT HAND 
67,511111615583,Baking,BAKING,test brand @1597936021514,,
68,511111117841,Grocery,GROCERY,Rainbo,0.0,RAINBO
69,511111602279,Beer Wine Spirits,,Crispin Cider Company,0.0,CRISPIN
70,511111318194,Baking,BAKING,test brand @1607707830137,0.0,TEST BRANDCODE @1607707830137
71,511111114413,Health & Wellness,HEALTHY_AND_WELLNESS,Claritin®,0.0,CLARITIN®
72,511111706045,Breakfast & Cereal,,Cookie Crisp™,,COOKIE CRISP
73,511111717317,Baking,BAKING,test brand @1605535020441,0.0,TEST BRANDCODE @1605535020442
74,511111903789,Snacks,,Keebler,,
75,511111417262,Baking,BAKING,test brand @1604946244750,0.0,TEST BRANDCODE @1604946244750
76,511111004561,Snacks,,SNYDERS OF HANOVER,0.0,SNYDERS OF HANOVER
77,511111702894,,,Powerade,,
78,511111002154,Condiments & Sauces,,Good Seasons,0.0,GOOD SEASONS
79,511111115922,Baking,BAKING,test brand @1598633602279,,TEST BRANDCODE @1598633602279
80,511111602552,,,Pizza Pizza Pizza,,
81,511111200246,Beer Wine Spirits,,Revolver,,REVOLVER
82,511111802280,Beer Wine Spirits,,Keystone Light,0.0,KEYSTONE LIGHT
83,511111604037,,,Our Family,,
84,511111806226,Snacks,,Fruit Roll-Ups™,,BETTY CROCKER FRUIT ROLL UPS
85,511111118169,Candy & Sweets,CANDY_AND_SWEETS,test brand @1607639232356,0.0,TEST BRANDCODE @1607639232356
86,511111304265,Condiments & Sauces,,MOMOFUKU Sauce,0.0,MOMOFUKU
87,511111500735,Frozen,,POPSICLE,0.0,POPSICLE
88,511111103936,Beverages,,Mug Root Beer,0.0,MUG Root Beer
89,511111704584,Snacks,,Tom's,0.0,TOMS
90,511111017899,Baking,BAKING,test brand @1606765579244,0.0,TEST BRANDCODE @1606765579244
91,511111715320,Baking,BAKING,test brand @1597342520305,,TEST BRANDCODE @1597342520305
92,511111000723,Dairy,,PROMISE,,PROMISE
93,511111200529,Snacks,,OFF THE EATEN PATH,,OFF THE EATEN PATH
94,511111116684,Candy & Sweets,CANDY_AND_SWEETS,test brand @1600291350125,,TEST BRANDCODE @1600291350125
95,511111003199,,,Honey Smacks,,
96,511111117070,Baking,BAKING,test brand @1603760319758,,TEST BRANDCODE @1603760319758
97,511111301974,Frozen,,Nancy's,0.0,NANCY'S
98,511111816492,Baking,BAKING,test brand @1599159966676,,
99,511111903413,,,Stella Artois,,
100,511111704379,Canned Goods & Soups,,Campbell's Chunky Maxx,0.0,CAMPBELLS CHUNKY MAXX
101,511111004288,Condiments & Sauces,,FOOD NETWORK KITCHEN INSPIRATIONS,0.0,FOOD NETWORK KITCHEN INSPIRATIONS
102,511111215547,Baking,BAKING,test brand @1597935986390,,TEST BRANDCODE @1597935986390
103,511111015970,Baking,BAKING,test brand @1598633693744,,TEST BRANDCODE @1598633693744
104,511111002437,,,Victoria,,
105,511111500506,Snacks,,SABRITAS,,SABRITAS
106,511111702177,Beverages,,Gevalia,0.0,GEVALIA KAFFE
107,511111115717,Baking,BAKING,test brand @1598290603501,,TEST BRANDCODE @1598290603501
108,511111600633,Dairy,,"O, That's Good!",0.0,O THAT'S GOOD
109,511111801757,Snacks,,Chester's,1.0,CHESTER'S
110,511111101666,Snacks,,Miss Vickies,,MISS VICKIE'S
111,511111704867,Condiments & Sauces,,SIR KENSINGTON'S,,SIR KENSINGTON'S
112,511111217251,Baking,BAKING,test brand @1604946244133,0.0,
113,511111803232,,,Crispix,,
114,511111502708,,,NessAlla,,
115,511111001119,Snacks,,Doritos,1.0,DORITOS
116,511111101895,Condiments & Sauces,,A.1.,1.0,A.1.
117,511111002642,,,RC Cola,,
118,511111403913,,,Amp,,
119,511111315728,Baking,BAKING,test brand @1598290603587,,TEST BRANDCODE @1598290603587
120,511111505433,Beverages,,Looza Fruit Juices,,LOOZA JUICES
121,511111005582,Health & Wellness,,Aleve®,,ALEVE
122,511111613961,Beauty,,Soft-Sheen Carson - Hair Color,,SOFT-SHEEN CARSON - HAIR COLOR
123,511111217305,Candy & Sweets,CANDY_AND_SWEETS,test brand @1604946245498,0.0,TEST BRANDCODE @1604946245499
124,511111802075,Baking,,Kraft Caramels,0.0,
125,511111716150,Baking,BAKING,test brand @1598639199117,,TEST BRANDCODE @1598639199117
126,511111104698,Baby,,Pull-Ups,0.0,PULL UPS
127,511111417330,Baking,BAKING,test brand @1605535020629,0.0,TEST BRANDCODE @1605535020629
128,511111303893,Beverages,,Brisk Iced Tea,0.0,BRISK
129,511111504139,Beverages,,Chris Brand XYZ,,CHRISXYZ
130,511111003243,,,All-Bran,,
131,511111002208,Condiments & Sauces,,Bull's Eye,0.0,BULL'S-EYE
132,511111600794,Frozen,,KLONDIKE,0.0,KLONDIKE
133,511111600848,Frozen,,FRUTTARE,,FRUTTARE
134,511111305569,Health & Wellness,,AFRIN® NO DRIP PUMP MISTS,,511111305569
135,511111404002,,,Betty Crocker,,
136,511111701859,Baking,,Knox Gelatin,0.0,KNOX
137,511111505716,Health & Wellness,,Claritin® ADULTS,,511111505716
138,511111501107,Snacks,,Planters,0.0,PLANTERS
139,511111800873,Personal Care,PERSONAL_CARE,DEGREE,0.0,DEGREE
140,511111000518,Beverages,,Caleb's Kola,0.0,CALEB'S KOLA
141,511111305408,Beverages,,Lemon Lemon Sparkling Drinks,,LEMON LEMON
142,511111300656,Personal Care,PERSONAL_CARE,VASELINE,0.0,VASELINE
143,511111005216,Magazines,,Cooking Light Magazine,,511111005216
144,511111817932,Baking,BAKING,test brand @1607312532178,0.0,TEST BRANDCODE @1607312532178
145,511111715047,Cleaning & Home Improvement,CLEANING_AND_HOME_IMPROVEMENT,Pinesol,,PINESOL
146,511111202677,,,Snapple,,
147,511111603719,,,Honest Ade,,
148,511111215103,Candy & Sweets,CANDY_AND_SWEETS,test brand @1595340086791,,TEST BRANDCODE @1595340086791
149,511111005148,Magazines,,Shape,,511111005148
150,511111013914,Beauty,,Essie,,ESSIE
151,511111303220,,,Pop-tarts,,
152,511111204923,Grocery,,Brand1,1.0,0987654321
153,511111601449,Snacks,,Jell-O Refrigerated Pudding & Gelatin,0.0,
154,511111502586,,,Diet Dr. Pepper,,
155,511111404446,Canned Goods & Soups,,Campbell's Well Yes!,0.0,CAMPBELLS WELL YES
156,511111717966,Baking,BAKING,test brand @1607312532304,0.0,TEST BRANDCODE @1607312532304
157,511111215615,Baking,BAKING,test brand @1598026274643,,TEST BRANDCODE @1598026274643
158,511111816775,Baking,BAKING,test brand @1601644881995,,TEST BRANDCODE @1601644881995
159,511111717249,Baking,BAKING,test brand @1604437352935,0.0,
160,511111217749,,,Beef Steak,0.0,BEEF STEAK
161,511111300588,Beauty,,POND'S,0.0,POND'S
162,511111713937,Beauty,,L’Oreal Paris - Cosmetics,,L’OREAL PARIS - COSMETICS
163,511111801962,Deli,,P3,0.0,
164,511111605829,Health & Wellness,,ONE A DAY® MENS,,511111605829
165,511111615095,Baking,BAKING,test brand @1595340086078,,TEST BRANDCODE @1595340086078
166,511111917045,Candy & Sweets,CANDY_AND_SWEETS,test brand @1602694020787,,TEST BRANDCODE @1602694020787
167,511111501497,Beverages,,Tazo,,
168,511111516910,Baking,BAKING,test brand @1601939013649,,TEST BRANDCODE @1601939013649
169,511111803393,Snacks,,Cheez-It,,
170,511111316480,Baking,BAKING,test brand @1599097546963,,
171,511111604525,Snacks,,Snack Factory,0.0,SNACK FACTORY
172,511111202448,,,Jupiler,,
173,511111703617,,,Gardetto's,,
174,511111403289,,,Danimals,,
175,511111201403,Beer Wine Spirits,,Miller 64,0.0,MILLER64
176,511111700814,Dairy,,I CAN'T BELIEVE IT'S NOT BUTTER!,,I CAN'T BELIEVE IT'S NOT BUTTER!
177,511111805786,Health & Wellness,,ONE A DAY® ENERGY ,,511111805786
178,511111419532,Candy & Sweets,CANDY_AND_SWEETS,test brand @1610496647142,0.0,TEST BRANDCODE @1610496647142
179,511111619543,Baking,BAKING,test brand @1610496647311,0.0,
180,511111719519,Baking,BAKING,test brand @1610496646289,0.0,TEST BRANDCODE @1610496646289
181,511111119555,Baking,BAKING,test brand @1610562170795,0.0,
182,511111919520,Baking,BAKING,test brand @1610496646345,0.0,TEST BRANDCODE @1610496646345
183,511111219507,Baking,BAKING,test brand @1610496646232,0.0,TEST BRANDCODE @1610496646232
184,511111219385,Baking,BAKING,test brand @1610495466218,0.0,TEST BRANDCODE @1610495466218
185,511111119326,Baking,BAKING,test brand @1610495102462,0.0,TEST BRANDCODE @1610495102462
186,511111719397,Baking,BAKING,test brand @1610495466250,0.0,TEST BRANDCODE @1610495466250
187,511111501985,Condiments & Sauces,,Miracle Whip,0.0,KRAFT MIRACLE WHIP
188,511111400998,Beer Wine Spirits,,Redd's Wicked,0.0,
189,511111015697,Candy & Sweets,CANDY_AND_SWEETS,test brand @1598042674173,,TEST BRANDCODE @1598042674173
190,511111216094,Baking,BAKING,test brand @1598635634796,,TEST BRANDCODE @1598635634796
191,511111300212,Beer Wine Spirits,,Sheaf Stout,,SHEAF STOUT
192,511111001768,Snacks,,Cheetos,1.0,CHEETOS
193,511111217817,Grocery,GROCERY,Nature's Harvest,0.0,NATURES HARVEST
194,511111605058,Magazines,,Health Magazine,,511111605058
195,511111402961,,,Fanta,,
196,511111216148,Baking,BAKING,test brand @1598639198570,,TEST BRANDCODE @1598639198570
197,511111316763,Baking,BAKING,test brand @1601644881253,,
198,511111616467,Baking,BAKING,test brand @1599097538609,,TEST BRANDCODE @1599097538609
199,511111704706,Household,,Scott,0.0,SCOTT
200,511111218135,Baking,BAKING,test brand @1607639231674,0.0,TEST BRANDCODE @1607639231674
201,511111505921,Health & Wellness,,EPIC™,,EPIC
202,511111901426,Beer Wine Spirits,,Grolsch Lager,0.0,GROLSCH
203,511111417101,Candy & Sweets,CANDY_AND_SWEETS,test brand @1603760320407,,TEST BRANDCODE @1603760320407
204,511111400042,Beer Wine Spirits,,Magnum,,MAGNUM
205,511111817147,Baking,BAKING,test brand @1603925787411,,TEST BRANDCODE @1603925787411
206,511111819417,Candy & Sweets,CANDY_AND_SWEETS,test brand @1610495466861,0.0,TEST BRANDCODE @1610495466861
207,511111519430,Baking,BAKING,test brand @1610495618015,0.0,
208,511111819349,Baking,BAKING,test brand @1610495102526,0.0,TEST BRANDCODE @1610495102526
209,511111619338,Baking,BAKING,test brand @1610495102491,0.0,TEST BRANDCODE @1610495102491
210,511111519362,Baking,BAKING,test brand @1610495104441,0.0,
211,511111019374,Baking,BAKING,test brand @1610495466174,0.0,TEST BRANDCODE @1610495466175
212,511111019428,Baking,BAKING,test brand @1610495481412,0.0,
213,511111319351,Candy & Sweets,CANDY_AND_SWEETS,test brand @1610495103255,0.0,TEST BRANDCODE @1610495103255
214,511111319405,Baking,BAKING,test brand @1610495466285,0.0,TEST BRANDCODE @1610495466285
215,511111118886,Baking,BAKING,test brand @1610049763071,0.0,
216,511111718840,Baking,BAKING,test brand @1610049748118,0.0,TEST BRANDCODE @1610049748118
217,511111418863,Baking,BAKING,test brand @1610049748181,0.0,TEST BRANDCODE @1610049748181
218,511111218852,Baking,BAKING,test brand @1610049748154,0.0,TEST BRANDCODE @1610049748154
219,511111918875,Candy & Sweets,CANDY_AND_SWEETS,test brand @1610049748724,0.0,TEST BRANDCODE @1610049748724
220,511111618898,Baking,BAKING,test brand @1610053719706,0.0,TEST BRANDCODE @1610053719707
221,511111518327,Baking,BAKING,test brand @1607987891932,0.0,TEST BRANDCODE @1607987891932
222,511111318316,Baking,BAKING,test brand @1607987891893,0.0,TEST BRANDCODE @1607987891893
223,511111818304,Baking,BAKING,test brand @1607987891852,0.0,TEST BRANDCODE @1607987891852
224,511111218340,Baking,BAKING,test brand @1607987896065,0.0,
225,511111018339,Candy & Sweets,CANDY_AND_SWEETS,test brand @1607987892540,0.0,TEST BRANDCODE @1607987892541
226,511111618171,Baking,BAKING,test brand @1607707829961,0.0,TEST BRANDCODE @1607707829962
227,511111702948,,,Diet Cherry Coke,,
228,511111701415,Beer Wine Spirits,,Killians,0.0,KILLIAN'S
229,511111403630,,,Cheerios,,
230,511111301813,,,.,,
231,511111903130,,,Frosted Flakes,,
232,511111715481,Baking,BAKING,test brand @1597861700880,,TEST BRANDCODE @1597861700880
233,511111616696,Baking,BAKING,test brand @1600291381675,,
234,511111301028,Beer Wine Spirits,,Henry's Hard Sparkling,0.0,
235,511111115595,Baking,BAKING,test brand @1598026240846,,
236,511111302063,Grocery,,Kraft Macaroni & Cheese,0.0,
237,511111403401,,,Cascadian Farm,,
238,511111901938,Grocery,,Shake N' Bake,0.0,KRAFT SHAKE 'N BAKE
239,511111401087,Condiments & Sauces,,HP Sauce,0.0,HP
240,511111815891,Baking,BAKING,test brand @1598633573683,,
241,511111206262,Breakfast & Cereal,,Drumstick™ Cereal,,DRUMSTICK CEREAL
242,511111105602,Health & Wellness,,ALEVE® D SINUS & COLD,,ALEVE D SINUS & COLD
243,511111601883,Dairy,,Cheez Whiz,0.0,CHEEZ WHIZ
244,511111818021,Candy & Sweets,CANDY_AND_SWEETS,test brand @1607463685522,0.0,TEST BRANDCODE @1607463685522
245,511111812449,Magazines,,Test brand1,1.0,
246,511111502371,Frozen,,Cool Whip,0.0,COOL WHIP
247,511111006022,Breakfast & Cereal,,Trix™,,TRIX
248,511111405740,Health & Wellness,,Flintstones™ Vitamins,0.0,FLINTSTONES
249,511111217695,Beer Wine Spirits,BEER_WINE_SPIRITS,Absolut® Grapefruit,0.0,ABSOLUT® GRAPEFRUIT
250,511111317432,Beer Wine Spirits,BEER_WINE_SPIRITS,Altos®,0.0,ALTOS
251,511111417545,Beer Wine Spirits,BEER_WINE_SPIRITS,Del Maguey® Vida,0.0,DEL MAGUEY 
252,511111917601,Beer Wine Spirits,BEER_WINE_SPIRITS,Jameson® Black Barrel ,0.0,JAMESON® BLACK BARREL 
253,511111817581,Beer Wine Spirits,BEER_WINE_SPIRITS,Jameson® ,0.0,JAMESON
254,511111217466,Beer Wine Spirits,BEER_WINE_SPIRITS,Monkey 47®,0.0,MONKEY 47
255,511111417613,Beer Wine Spirits,BEER_WINE_SPIRITS,Malibu® Original,0.0,MALIBU
256,511111417491,Beer Wine Spirits,BEER_WINE_SPIRITS,Lillet®,0.0,LILLET
257,511111705161,Magazines,,Traditional Home,,511111705161
258,511111902461,Baby,,Antarctica,1.0,AMP2
259,511111815501,Baking,BAKING,test brand @1597861700940,,TEST BRANDCODE @1597861700940
260,511111717195,Baking,BAKING,test brand @1604437351567,0.0,TEST BRANDCODE @1604437351567
261,511111603153,,,Fruit Flavored Snacks,,
262,511111404163,Snacks,,Kelsen,0.0,KELSEN
263,511111405818,Health & Wellness,,ONE A DAY® KIDS AND TEENS,,511111405818
264,511111605614,Health & Wellness,,ALEVE® DIRECT THERAPY PAIN RELIEF DEVICES,,ALEVE DIRECT THERAPY PAIN RELIEF DEVICES
265,511111600404,Beer Wine Spirits,,Colorado Native,,COLORADO NATIVE
266,511111801528,Beverages,,SoBe,,SOBE
267,511111502098,Dairy,,Knudsen,0.0,KNUDSEN
268,511111105763,Health & Wellness,,MiraLAX® Laxatives,,511111105763
269,511111317920,Baking,BAKING,test brand @1607312508610,0.0,
270,511111005421,Magazines,,Pillsbury Magazine,,511111005421
271,511111501770,Breakfast & Cereal,,Cap'n Crunch,1.0,CAP'N CRUNCH
272,511111602996,,,Mello Yello,,
273,511111917762,Grocery,GROCERY,Mrs Baird's ,0.0,MRS BAIRD'S
274,511111500667,Personal Care,PERSONAL_CARE,TRESEMME,0.0,TRESEMME
275,511111202721,,,Top Care,,
276,511111700029,Beverages,,PURE LEAF Iced Tea Beverages,0.0,PURE LEAF Iced Tea Beverages
277,511111414049,Health & Wellness,HEALTHY_AND_WELLNESS,ONE A DAY® KIDS,,ONE A DAY KIDS
278,511111801689,Snacks,,Lay's Kettle Cooked,1.0,
279,511111416500,Baking,BAKING,test brand @1599159968998,,TEST BRANDCODE @1599159968998
280,511111805410,Beverages,,LIFEWTR,0.0,LIFEWTR
281,511111804994,Magazines,,Eating Well Magazine,,511111804994
282,511111903901,,,Sierra Mist,,
283,511111904731,Baby,,SIMILAC,,SIMILAC
284,511111205739,Health & Wellness,HEALTHY_AND_WELLNESS,Coricidin® HBP,0.0,CORICIDIN HBP
285,511111716921,Candy & Sweets,CANDY_AND_SWEETS,test brand @1601939016290,,TEST BRANDCODE @1601939016290
286,511111400110,Beauty & Personal Care,,Badedas,,BADEDAS
287,511111902744,,,Shurfine,,
288,511111001607,Beverages,,Pepsi Diet,0.0,
289,511111803164,,,Apple Jacks/Cinnamon Jacks,,
290,511111703051,,,Diet Coke,,
291,511111617297,Baking,BAKING,test brand @1604946244876,0.0,TEST BRANDCODE @1604946244876
292,511111203483,,,Shock Top,,
293,511111404880,Frozen,,Benihana Frozen Entrees,,BENIHANA
294,511111905967,Dairy,,Mountain High™,,MOUNTAIN HIGH
295,511111001485,Snacks,,Tostitos,,TOSTITOS
296,511111317081,Baking,BAKING,test brand @1603760319788,,TEST BRANDCODE @1603760319788
297,511111501824,Condiments & Sauces,,Kraft BBQ Sauce,0.0,
298,511111516569,Baby,BABY,Gerber Baby Food,,GERBER BABY FOOD
299,511111504139,Grocery,,Pace,0.0,PACE
300,511111204435,Canned Goods & Soups,,Campbell's Slow Kettle,0.0,CAMPBELLS SLOW KETTLE 
301,511111304494,Snacks,,Archway,0.0,ARCHWAY
302,511111901099,Condiments & Sauces,,Kraft Salad Dressing,0.0,
303,511111314653,Health & Wellness,HEALTHY_AND_WELLNESS,Bayer® Aspirin,0.0,BAYER® ASPIRIN
304,511111818977,Baking,BAKING,test brand @1610055793449,0.0,TEST BRANDCODE @1610055793449
305,511111318965,Baking,BAKING,test brand @1610055793411,0.0,TEST BRANDCODE @1610055793411
306,511111018988,Baking,BAKING,test brand @1610055793500,0.0,TEST BRANDCODE @1610055793500
307,511111719007,Candy & Sweets,CANDY_AND_SWEETS,test brand @1610055794196,0.0,TEST BRANDCODE @1610055794196
308,511111518990,Baking,BAKING,test brand @1610055793537,0.0,TEST BRANDCODE @1610055793537
309,511111219019,Baking,BAKING,test brand @1610058181548,0.0,TEST BRANDCODE @1610058181549
310,511111718918,Baking,BAKING,test brand @1610053719944,0.0,TEST BRANDCODE @1610053719944
311,511111918929,Baking,BAKING,test brand @1610053719998,0.0,TEST BRANDCODE @1610053719998
312,511111118954,Baking,BAKING,test brand @1610055792794,0.0,
313,511111218906,Baking,BAKING,test brand @1610053719869,0.0,TEST BRANDCODE @1610053719869
314,511111618942,Baking,BAKING,test brand @1610053721248,0.0,
315,511111418931,Candy & Sweets,CANDY_AND_SWEETS,test brand @1610053721033,0.0,TEST BRANDCODE @1610053721033
316,511111004639,Personal Care,PERSONAL_CARE,Depend,0.0,DEPEND
317,511111318521,Candy & Sweets,CANDY_AND_SWEETS,test brand @1608313322283,0.0,TEST BRANDCODE @1608313322283
318,511111118510,Baking,BAKING,test brand @1608313321374,0.0,TEST BRANDCODE @1608313321374
319,511111518488,Baking,BAKING,test brand @1608313321191,0.0,TEST BRANDCODE @1608313321191
320,511111618508,Baking,BAKING,test brand @1608313321301,0.0,TEST BRANDCODE @1608313321301
321,511111018490,Baking,BAKING,test brand @1608313321222,0.0,TEST BRANDCODE @1608313321222
322,511111005933,Snacks,,Nature Valley™,,NATURE VALLEY
323,511111215981,Baking,BAKING,test brand @1598633693767,,TEST BRANDCODE @1598633693767
324,511111715993,Baking,BAKING,test brand @1598633693791,,TEST BRANDCODE @1598633693791
325,511111117407,Bread & Bakery,BREAD_AND_BAKERY,Anzio ,0.0,ANZIO
326,511111705000,Magazines,,Family Circle,,511111705000
327,511111002598,,,Diet Rite,,
328,511111806172,Dairy,,Hershey's Whipped Topping,,HERSHEY'S WHIPPED TOPPING
329,511111515968,Baking,BAKING,test brand @1598633693720,,TEST BRANDCODE @1598633693720
330,511111804048,,,Eggo,,
331,511111617341,Baking,BAKING,test brand @1605535020671,0.0,TEST BRANDCODE @1605535020671
332,511111200802,Dairy,,IMPERIAL,,IMPERIAL
333,511111502425,,,Modelo Especial,,
334,511111305637,Health & Wellness,,ALEVE® PM NIGHT TIME,,ALEVE PM NIGHT TIME
335,511111117124,Baking,BAKING,test brand @1603925787294,,TEST BRANDCODE @1603925787294
336,511111904229,Personal Care,,ApotheCARE Essentials,0.0,APOTHECARE ESSENTIALS
337,511111902256,Beer Wine Spirits,,Henry's Hard Soda,0.0,HENRY WEINHARD'S
338,511111204367,Canned Goods & Soups,,Campbell's Chunky,0.0,CAMPBELLS CHUNKY 
339,511111914051,Health & Wellness,,ONE A DAY® WOMENS,,ONE A DAY® WOMENS
340,511111415060,Baking,BAKING,test brand @1595340085980,,TEST BRANDCODE @1595340085980
341,511111502869,,,Town House,,
342,511111515036,Outdoor,OUTDOOR,Kingsford Charcoal,,KINGSFORD
343,511111206101,Dairy,,Yoplait® Go-GURT®,,YOPLAIT GO-GURT
344,511111700531,Snacks,,FRITO-LAY,1.0,FRITO-LAY
345,511111502142,Condiments & Sauces,,Grey Poupon,0.0,GREY POUPON
346,511111915799,Baking,BAKING,test brand @1598296704763,,TEST BRANDCODE @1598296704763
347,511111814641,Health & Wellness,HEALTHY_AND_WELLNESS,Berroca®,,BERROCA®
348,511111301301,Beverages,,Propel,0.0,PROPEL
349,511111700975,Beer Wine Spirits,,Milwaukee's Best Ice,0.0,MILWAUKEE'S BEST
350,511111703778,,,NOS,,
351,511111400486,Snacks,,SPITZ,,SPITZ
352,511111405535,Snacks,,IMAGINE,,IMAGINE
353,511111905196,,,BETTER HOMES AND GARDENS Special Edition Magazine - Food ,,
354,511111215332,Candy & Sweets,CANDY_AND_SWEETS,test brand @1597342520969,,TEST BRANDCODE @1597342520969
355,511111900986,Beer Wine Spirits,,Steel Reserve Alloy Series,0.0,
356,511111800156,Beer Wine Spirits,,Tusk & Grain,,TUSK & GRAIN
357,511111103370,Beer Wine Spirits,,Redd's Apple Ale,0.0,REDD'S ALE
358,511111104469,Snacks,,Lance,0.0,LANCE
359,511111104186,Grocery,,Pacific Foods,0.0,PACIFIC FOODS
360,511111606376,Dairy,,Yoplait® Dunkers,,YOPLAIT DUNKERS
361,511111603641,,,Fiber One,,
362,511111415855,Baking,BAKING,test brand @1598554813705,,TEST BRANDCODE @1598554813705
363,511111800590,Canned Goods & Soups,,LIPTON Soup,0.0,LIPTON Soup
364,511111406341,Breakfast & Cereal,,Minions™ Cereal,,MINIONS CEREAL
365,511111504856,Household,,LOVE HOME AND PLANET,,LOVE HOME AND PLANET
366,511111015185,Baking,BAKING,test brand @1595968943012,,TEST BRANDCODE @1595968943012
367,511111715276,Health & Wellness,HEALTHY_AND_WELLNESS,OneTouch®,,ONETOUCH
368,511111015536,Baking,BAKING,test brand @1597935986247,,TEST BRANDCODE @1597935986248
369,511111902690,Dairy,,Kraft,0.0,KRAFT
370,511111906124,Breakfast & Cereal,,Basic 4™,,BASIC 4
371,511111804116,Canned Goods & Soups,,Wolfgang Puck,0.0,WOLFGANG PUCK
372,511111516842,Baking,BAKING,test brand @1601659120828,,TEST BRANDCODE @1601659120828
373,511111317159,Baking,BAKING,test brand @1603925787441,,TEST BRANDCODE @1603925787441
374,511111704218,Breakfast & Cereal,,The Soulfull Project,,THE SOULFUL PROJECT
375,511111815945,Candy & Sweets,CANDY_AND_SWEETS,test brand @1598633602924,,TEST BRANDCODE @1598633602924
376,511111901860,Baking,,Dream Whip,0.0,DREAM WHIP
377,511111815457,Baking,BAKING,test brand @1597527951461,,TEST BRANDCODE @1597527951461
378,511111718123,Baking,BAKING,test brand @1607639231623,0.0,TEST BRANDCODE @1607639231623
379,511111903062,,,Brew Pub,,
380,511111104254,Snacks,,Kjeldsen,0.0,KJELDSEN
381,511111316046,Baking,BAKING,test brand @1598635435896,,TEST BRANDCODE @1598635435896
382,511111602040,Dairy,,Kraft Cheese,0.0,
383,511111316602,Baking,BAKING,test brand @1599849713772,,TEST BRANDCODE @1599849713773
384,511111418092,Candy & Sweets,CANDY_AND_SWEETS,test brand @1607636369405,0.0,TEST BRANDCODE @1607636369405
385,511111916727,Baking,BAKING,test brand @1601644363827,,TEST BRANDCODE @1601644363827
386,511111904175,Grocery,,Pepperidge Farm,0.0,PEPPERIDGE FARM
387,511111803720,,,Honest Tea,,
388,511111315889,Baking,BAKING,test brand @1598554834882,,
389,511111919803,Baking,BAKING,test brand @1611088503689,0.0,TEST BRANDCODE @1611088503689
390,511111203278,Snacks,,Pringles,,
391,511111917328,Baking,BAKING,test brand @1605535020580,0.0,TEST BRANDCODE @1605535020580
392,511111601395,Beer Wine Spirits,,Miller High Life,0.0,MILLER HIGH LIFE
393,511111101451,Breakfast & Cereal,,Quaker,0.0,QUAKER
394,511111703334,,,All Natural,,
395,511111705727,Health & Wellness,,Claritin® KIDS,,511111705727
396,511111302414,Dairy,,Athenos,0.0,ATHENOS
397,511111916512,Baking,BAKING,test brand @1599159969028,,TEST BRANDCODE @1599159969028
398,511111815389,Baking,BAKING,test brand @1597350074404,,TEST BRANDCODE @1597350074404
399,511111100065,Beauty & Personal Care,,Sedal,,SEDAL
400,511111404958,Snacks,,Red Rock Deli Chips,0.0,RED ROCK DELI
401,511111905684,Health & Wellness,,ALKA SELTZER PLUS® SINUS CAP/ GEL/ TAB,,ALKA SELTZER PLUS SINUS CAP/ GEL/ TAB
402,511111915911,Baking,BAKING,test brand @1598633602253,,TEST BRANDCODE @1598633602253
403,511111301530,Snacks,,Smartfood,,SMARTFOOD
404,511111515685,Baking,BAKING,test brand @1598042673532,,TEST BRANDCODE @1598042673532
405,511111916956,Baking,BAKING,test brand @1601939762881,,TEST BRANDCODE @1601939762881
406,511111101222,Deli,,Oscar Mayer,0.0,OSCAR MAYER
407,511111400271,Beer Wine Spirits,,Lech,,LECH PREMIUM
408,511111805137,Magazines,,Real Simple,,511111805137
409,511111617785,Grocery,GROCERY,Heiners,0.0,HEINERS
410,511111005094,Magazines,,Parents,,PARENTS
411,511111203117,,,Smart Start,,
412,511111504788,Condiments & Sauces,,The Pioneer Woman,,PIONEER WOMAN
413,511111319849,Candy & Sweets,CANDY_AND_SWEETS,test brand @1611088504474,0.0,TEST BRANDCODE @1611088504474
414,511111605102,Magazines,,People en Espanol,,511111605102
415,511111100294,Beer Wine Spirits,,Hop Valley,,HOP VALLEY
416,511111215493,Baking,BAKING,test brand @1597861700914,,TEST BRANDCODE @1597861700914
417,511111001836,Beverages,,Yuban Coffee,0.0,YUBAN
418,511111105114,Magazines,,People Magazine,,511111105114
419,511111617068,Baking,BAKING,test brand @1603760319682,,TEST BRANDCODE @1603760319682
420,511111516286,Baking,BAKING,test brand @1598716509394,,TEST BRANDCODE @1598716509394
421,511111415343,Baking,BAKING,test brand @1597342541226,,
422,511111000679,Personal Care,,TIGI,0.0,TIGI
423,511111805908,Breakfast & Cereal,,Autumn's Gold™,,AUTUMN'S GOLD
424,511111900108,Beauty & Personal Care,,Brooke Bond,,BROOKE BOND
425,511111105046,Magazines,,Food & Wine Magazine,,511111105046
426,511111702450,,,Quilmes,,
427,511111515197,Baking,BAKING,test brand @1595968943049,,TEST BRANDCODE @1595968943049
428,511111208532,Grocery,,Test FRS-920 again1,1.0,AMPTEST
429,511111903857,Beer Wine Spirits,,Coors Light,0.0,COORS
430,511111506317,Beverages,,BOLT24,,BOLT 24
431,511111801313,Beverages,,Mist Twst,0.0,MIST TWST
432,511111918363,Baking,BAKING,test brand @1608136484526,0.0,TEST BRANDCODE @1608136484526
433,511111718406,Candy & Sweets,CANDY_AND_SWEETS,test brand @1608136485398,0.0,TEST BRANDCODE @1608136485398
434,511111418375,Baking,BAKING,test brand @1608136484574,0.0,TEST BRANDCODE @1608136484574
435,511111518044,Dairy & Refrigerated,DAIRY_AND_REFRIGERATED,Sargento® Cheese,0.0,SARGENTO
436,511111618386,Baking,BAKING,test brand @1608136484633,0.0,TEST BRANDCODE @1608136484633
437,511111118398,Baking,BAKING,test brand @1608136484689,0.0,TEST BRANDCODE @1608136484689
438,511111918646,Baking,BAKING,test brand @1610038527809,0.0,
439,511111518600,Baking,BAKING,test brand @1610038521565,0.0,TEST BRANDCODE @1610038521565
440,511111218623,Baking,BAKING,test brand @1610038521677,0.0,TEST BRANDCODE @1610038521677
441,511111418658,Baking,BAKING,test brand @1610039587818,0.0,
442,511111018612,Baking,BAKING,test brand @1610038521624,0.0,TEST BRANDCODE @1610038521624
443,511111718635,Candy & Sweets,CANDY_AND_SWEETS,test brand @1610038522559,0.0,TEST BRANDCODE @1610038522559
444,511111818748,Baking,BAKING,test brand @1610040576117,0.0,TEST BRANDCODE @1610040576117
445,511111518761,Candy & Sweets,CANDY_AND_SWEETS,test brand @1610040576672,0.0,TEST BRANDCODE @1610040576672
446,511111018773,Baking,BAKING,test brand @1610046686560,0.0,
447,511111618737,Baking,BAKING,test brand @1610040576088,0.0,TEST BRANDCODE @1610040576088
448,511111318750,Baking,BAKING,test brand @1610040576148,0.0,TEST BRANDCODE @1610040576148
449,511111118725,Baking,BAKING,test brand @1610040576053,0.0,TEST BRANDCODE @1610040576053
450,511111705673,Health & Wellness,HEALTHY_AND_WELLNESS,Alka-Seltzer Plus®,0.0,ALKA SELTZER PLUS
451,511111019657,Candy & Sweets,CANDY_AND_SWEETS,test brand @1610653897113,0.0,TEST BRANDCODE @1610653897113
452,511111319634,Baking,BAKING,test brand @1610653894519,0.0,TEST BRANDCODE @1610653894519
453,511111719670,Baking,BAKING,test brand @1610660035659,0.0,TEST BRANDCODE @1610660035659
454,511111519645,Baking,BAKING,test brand @1610653894662,0.0,TEST BRANDCODE @1610653894662
455,511111219668,Baking,BAKING,test brand @1610653939508,0.0,
456,511111819622,Baking,BAKING,test brand @1610653894371,0.0,TEST BRANDCODE @1610653894371
457,511111216865,Candy & Sweets,CANDY_AND_SWEETS,test brand @1601659122798,,TEST BRANDCODE @1601659122798
458,511111803515,,,Michelob Ultra,,
459,511111506034,Breakfast & Cereal,,Cocoa Puffs™,,COCOA PUFFS
460,511111316831,Baking,BAKING,test brand @1601659120793,,TEST BRANDCODE @1601659120793
461,511111904502,Snacks,,Jay's,0.0,JAYS
462,511111100782,Grocery,,KNORR,0.0,KNORR
463,511111402527,,,Crunchy Nut,,
464,511111500384,Beer Wine Spirits,,Cristal,,CRISTAL
465,511111217978,Candy & Sweets,CANDY_AND_SWEETS,test brand @1607312532874,0.0,TEST BRANDCODE @1607312532874
466,511111502210,Frozen,,Boca,0.0,BOCA
467,511111004790,Baking,,alexa,1.0,ALEXA
468,511111806011,Breakfast & Cereal,,KIX™,,KIX
469,511111715115,Baking,BAKING,test brand @1595531348245,,TEST BRANDCODE @1595531348246
470,511111205173,,,Allrecipes Special Edition Magazine,,
471,511111901709,Snacks,,Grandma's,1.0,GRANDMA'S
472,511111517009,Baking,BAKING,test brand @1602694015177,,TEST BRANDCODE @1602694015178
473,511111500223,Beer Wine Spirits,,Sharp's,,SHARP'S NEAR BEER
474,511111303381,,,Good Earth,,
475,511111106159,Beverages,,Baileys Coffee Products,,BAILEYS
476,511111515241,Cleaning & Home Improvement,CLEANING_AND_HOME_IMPROVEMENT,FINISH®,,FINISH
477,511111304616,Beverages,,V8 Hydrate,,
478,511111016137,Baking,BAKING,test brand @1598639197925,,TEST BRANDCODE @1598639197926
479,511111217022,Baking,BAKING,test brand @1602694015743,,TEST BRANDCODE @1602694015743
480,511111602118,Baking,,Jell-O,0.0,JELL-O
481,511111616740,Candy & Sweets,CANDY_AND_SWEETS,test brand @1601644364536,,TEST BRANDCODE @1601644364536
482,511111517160,Candy & Sweets,CANDY_AND_SWEETS,test brand @1603925787997,,TEST BRANDCODE @1603925787997
483,511111304333,Snacks,,Goldfish,0.0,GOLDFISH
484,511111703983,,,Coca-Cola,,
485,511111615934,Baking,BAKING,test brand @1598633602304,,TEST BRANDCODE @1598633602304
486,511111816829,Baking,BAKING,test brand @1601659120693,,TEST BRANDCODE @1601659120694
487,511111801245,Snacks,,Quaker Rice Cakes,0.0,
488,511111304777,Beer Wine Spirits,,Cape Line,,CAPE LINE
489,511111415572,Candy & Sweets,CANDY_AND_SWEETS,test brand @1597935987233,,TEST BRANDCODE @1597935987233
490,511111201632,Grocery,,Near East,,NEAR EAST
491,511111103868,,,Peace Tea,,
492,511111505150,Magazines,,Southern Living,,511111505150
493,511111003311,,,Light & Fit,,
494,511111015024,Cleaning & Home Improvement,CLEANING_AND_HOME_IMPROVEMENT,Clorox,,CLOROX
495,511111901655,Beverages,,Mountain Dew Diet,0.0,
496,511111500018,Dairy,,May-Bud,0.0,MAY-BUD
497,511111816614,Baking,BAKING,test brand @1599849713798,,TEST BRANDCODE @1599849713798
498,511111802563,Beverages,,Gatorade,0.0,GATORADE
499,511111415299,Baking,BAKING,test brand @1597342520131,,TEST BRANDCODE @1597342520132
500,511111304104,Grocery,,Garden Fresh Gourmet,0.0,GARDEN FRESH GOURMET
501,511111000440,Breakfast & Cereal,,AUNT JEMIMA Dry Breakfast Mixes,0.0,AUNT JEMIMA DRY BREAKFAST MIXES
502,511111700258,Beer Wine Spirits,,Olde English,,OLDE ENGLISH
503,511111416661,Baking,BAKING,test brand @1600291349255,,TEST BRANDCODE @1600291349255
504,511111501336,Snacks,,Matador Snacks,,MATADOR
505,511111401872,Dairy,,DiGiorno Cheese,,
506,511111305286,Magazines,,Country Home Magazine,,511111305286
507,511111105992,Breakfast & Cereal,,Reese's® Puffs,,REESE'S PUFFS
508,511111706113,Breakfast & Cereal,,Golden Grahams™,,GOLDEN GRAHAMS
509,511111303503,,,Bacardi,,
510,511111915638,Baking,BAKING,test brand @1598026274692,,TEST BRANDCODE @1598026274692
511,511111805342,Magazines,,LIFE Special Edition Magazine ,,511111805342
512,511111318033,Baking,BAKING,test brand @1607463705032,0.0,
513,511111003038,,,Sprite,,
514,511111615866,Baking,BAKING,test brand @1598554813744,,TEST BRANDCODE @1598554813744
515,511111901587,Grocery,,Rice A Roni,,RICE-A-RONI
516,511111503743,,,Murray,,
517,511111504573,Snacks,,STELLA D'ORO,0.0,STELLA DORO
518,511111016342,Baking,BAKING,test brand @1598813526686,,TEST BRANDCODE @1598813526686
519,511111017226,Baking,BAKING,test brand @1604437351678,0.0,TEST BRANDCODE @1604437351678
520,511111704423,Grocery,,Campbell's Ready Meals,0.0,CAMPBELLS READY MEALS
521,511111803881,,,Kickstart,,
522,511111215264,Cleaning & Home Improvement,CLEANING_AND_HOME_IMPROVEMENT,RESOLVE®,,RESOLVE
523,511111302292,Beer Wine Spirits,,Coors Banquet,0.0,
524,511111001324,Snacks,,Maui Style Chips,,MAUI STYLE
525,511111002871,,,Powerade Zero,,
526,511111804833,Frozen,,CULTURE REPUBLICK ,,CULTURE REPUBLICK 
527,511111906070,Breakfast & Cereal,,Wheaties™,,WHEATIES
528,511111116806,Baking,BAKING,test brand @1601644882062,,TEST BRANDCODE @1601644882062
529,511111302575,Breakfast & Cereal,,Quaker Life,0.0,
530,511111016908,Baking,BAKING,test brand @1601939013444,,TEST BRANDCODE @1601939013444
531,511111805571,Health & Wellness,,AFRIN® ORIGINAL NASAL SPRAY,,511111805571
532,511111816102,Baking,BAKING,test brand @1598635634821,,TEST BRANDCODE @1598635634821
533,511111418214,Candy & Sweets,CANDY_AND_SWEETS,test brand @1607707830844,0.0,TEST BRANDCODE @1607707830844
534,511111800644,Beer Wine Spirits,,Zima,,ZIMA
535,511111715603,Baking,BAKING,test brand @1598026274609,,TEST BRANDCODE @1598026274609
536,511111204923,Snacks,,CHESTER'S,,CHESTERS
537,511111716716,Baking,BAKING,test brand @1601644363784,,TEST BRANDCODE @1601644363784
538,511111604471,Snacks,,Cape Cod,0.0,CAPE COD
539,511111814085,Dairy & Refrigerated,DAIRY_AND_REFRIGERATED,COUNTRY CROCK PLANT BUTTER,,COUNTRY CROCK PLANT BUTTER
540,511111205388,Magazines,,National Geographic Special Edition Magazine ,,511111205388
541,511111206057,Breakfast & Cereal,,Chocolate Lucky Charms™,,CHOCOLATE LUCKY CHARMS
542,511111715832,Baking,BAKING,test brand @1598554813534,,TEST BRANDCODE @1598554813535
543,511111419303,Baking,BAKING,test brand @1610494849657,0.0,
544,511111019213,Baking,BAKING,test brand @1610493496975,0.0,TEST BRANDCODE @1610493496975
545,511111919315,Baking,BAKING,test brand @1610495102410,0.0,TEST BRANDCODE @1610495102411
546,511111119272,Baking,BAKING,test brand @1610494831056,0.0,TEST BRANDCODE @1610494831056
547,511111319283,Baking,BAKING,test brand @1610494831082,0.0,TEST BRANDCODE @1610494831082
548,511111619260,Baking,BAKING,test brand @1610494831023,0.0,TEST BRANDCODE @1610494831023
549,511111219224,Baking,BAKING,test brand @1610493497005,0.0,TEST BRANDCODE @1610493497005
550,511111919247,Candy & Sweets,CANDY_AND_SWEETS,test brand @1610493497517,0.0,TEST BRANDCODE @1610493497517
551,511111719236,Baking,BAKING,test brand @1610493497034,0.0,TEST BRANDCODE @1610493497034
552,511111419259,Baking,BAKING,test brand @1610494830985,0.0,TEST BRANDCODE @1610494830985
553,511111819295,Candy & Sweets,CANDY_AND_SWEETS,test brand @1610494831583,0.0,TEST BRANDCODE @1610494831583
554,511111118442,Baking,BAKING,test brand @1608313051339,0.0,TEST BRANDCODE @1608313051339
555,511111918431,Baking,BAKING,test brand @1608313051291,0.0,TEST BRANDCODE @1608313051291
556,511111618454,Candy & Sweets,CANDY_AND_SWEETS,test brand @1608313052049,0.0,TEST BRANDCODE @1608313052049
557,511111318477,Baking,BAKING,test brand @1608313290565,0.0,
558,511111818465,Baking,BAKING,test brand @1608313069400,0.0,
559,511111218418,Baking,BAKING,test brand @1608313051132,0.0,TEST BRANDCODE @1608313051133
560,511111418429,Baking,BAKING,test brand @1608313051244,0.0,TEST BRANDCODE @1608313051244
561,511111517726,Bread & Bakery,BREAD_AND_BAKERY,Ball Park,0.0,BALL PARK
562,511111003687,,,Glaceau fruitwater,,
563,511111815730,Baking,BAKING,test brand @1598290603618,,TEST BRANDCODE @1598290603618
564,511111700302,Beer Wine Spirits,,Hidden Barrel Collection,,HIDDEL BARREL COLLECTION
565,511111506195,Frozen,,Launch Box,,LAUNCH BOX
566,511111101949,Frozen,,Poppers,0.0,
567,511111600565,Beauty,,SIMPLE,0.0,SIMPLE
568,511111600077,Beauty & Personal Care,,Salon Selectives,,SALON SELECTIVES
569,511111802358,Dairy,,Cracker Barrel Cheese,0.0,CRACKER BARREL
570,511111404729,Baby,BABY,Huggies Little Swimmers,0.0,HUGGIES LITTLE SWIMMERS
571,511111315674,Baking,BAKING,test brand @1598042673502,,TEST BRANDCODE @1598042673502
572,511111918202,Baking,BAKING,test brand @1607707830173,0.0,TEST BRANDCODE @1607707830173
573,511111406136,Breakfast & Cereal,,Blasted Shreds™,,SHREDS
574,511111605546,Snacks,,Baken-Ets,,BAKEN ETS
575,511111306009,Breakfast & Cereal,,Honey Nut Cheerios™,,HONEY NUT CHEERIOS
576,511111003809,,,Johnsonville,,
577,511111302858,,,Tombstone,,
578,511111903628,,,Chex,,
579,511111415411,Baking,BAKING,test brand @1597527918397,,
580,511111806899,Baby,,DASH-2249 1 brand 1,1.0,DASH-2249 1 BRAND 1
581,511111301745,Snacks,,Cracker Jack,1.0,CRACKER JACK
582,511111316558,Baby,BABY,Gerber Good Start,,GERBER GOOD START
583,511111915843,Baking,BAKING,test brand @1598554813654,,TEST BRANDCODE @1598554813654
584,511111016069,Candy & Sweets,CANDY_AND_SWEETS,test brand @1598635436505,,TEST BRANDCODE @1598635436505
585,511111315445,Baking,BAKING,test brand @1597527951436,,TEST BRANDCODE @1597527951436
586,511111502937,,,Fresca,,
587,511111304982,Magazines,,Better Homes & Gardens Magazine,,BETTER HOMES & GARDENS
588,511111303459,,,Bud Light Platinum,,
589,511111017738,Grocery,GROCERY,Bimbo,0.0,BIMBO
590,511111402756,,,Fetch Rewards,,
591,511111403357,Beer Wine Spirits,,Leinenkugel's,0.0,LEINENKUGEL'S
592,511111016571,Baby,BABY,Nestle NAN,,NESTLE NAN
593,511111815662,Baking,BAKING,test brand @1598042673466,,TEST BRANDCODE @1598042673466
594,511111102106,Baking,,Jet-Puffed,0.0,JET-PUFFED
595,511111616818,Candy & Sweets,CANDY_AND_SWEETS,test brand @1601644882548,,TEST BRANDCODE @1601644882548
596,511111915287,Magazines,MAGAZINES,Health Magazine,,HEALTH
597,511111902027,Dairy,,Kraft Singles,0.0,
598,511111016786,Baking,BAKING,test brand @1601644882019,,TEST BRANDCODE @1601644882019
599,511111002925,,,Diet Coke Lime,,
600,511111416739,Baking,BAKING,test brand @1601644363876,,TEST BRANDCODE @1601644363876
601,511111315162,Baking,BAKING,test brand @1595531362667,,
602,511111705444,Magazines,,Rolling Stone Special Collectors Edition Magazine,,511111705444
603,511111800439,Snacks,,MUNCHIES,,MUNCHIES
604,511111605775,Health & Wellness,,ONE A DAY® 50+,,511111605775
605,511111618010,Baking,BAKING,test brand @1607463684816,0.0,TEST BRANDCODE @1607463684816
606,511111916000,Candy & Sweets,CANDY_AND_SWEETS,test brand @1598633694347,,TEST BRANDCODE @1598633694347
607,511111215776,Baking,BAKING,test brand @1598296704638,,TEST BRANDCODE @1598296704639
608,511111205890,Snacks,,Annie's Homegrown,,ANNIE'S
609,511111416388,Baking,BAKING,test brand @1598881562991,,TEST BRANDCODE @1598881562991
610,511111816331,Baking,BAKING,test brand @1598813526656,,TEST BRANDCODE @1598813526656
611,511111606147,Health & Wellness,HEALTHY_AND_WELLNESS,Midol® ,,MIDOL
612,511111515470,Baking,BAKING,test brand @1597861699811,,
613,511111604808,Condiments & Sauces,,Twisted Ranch,,TWISTED RANCH
614,511111602835,,,Jacks,,
615,511111904458,Snacks,,Emerald,0.0,EMERALD
616,511111216377,Baking,BAKING,test brand @1598881562499,,TEST BRANDCODE @1598881562500
617,511111303176,,,Froot Loops,,
618,511111216216,Baking,BAKING,test brand @1598711015538,,TEST BRANDCODE @1598711015538
619,511111306160,Beverages,,Hershey's Hot Cocoa Mix,,HERSHEYS HOT COCOA
620,511111700746,Beverages,,PG TIPS,,PG TIPS
621,511111501268,Breakfast & Cereal,,Quaker Puffed,0.0,
622,511111300427,Snacks,,MUNCHOS,,MUNCHOS
623,511111202004,Deli,,Lunchables,0.0,LUNCHABLES
624,511111603207,,,Nutri-Grain,,
625,511111702504,,,Leffe,,
626,511111015253,Cleaning & Home Improvement,CLEANING_AND_HOME_IMPROVEMENT,WOOLITE®,,WOOLITE
627,511111104971,Magazines,,Travel and Leisure Magazine,,511111104971
628,511111704652,Baby,,Huggies,0.0,HUGGIES
629,511111116196,Baking,BAKING,test brand @1598711015353,,TEST BRANDCODE @1598711015353
630,511111302902,,,Sprite Zero,,
631,511111117353,Candy & Sweets,CANDY_AND_SWEETS,test brand @1605535021531,0.0,TEST BRANDCODE @1605535021531
632,511111004073,Snacks,,Bisca,0.0,BISCA
633,511111516408,Baking,BAKING,test brand @1598881563900,,TEST BRANDCODE @1598881563900
634,511111116967,Baking,BAKING,test brand @1601939762909,,TEST BRANDCODE @1601939762909
635,511111901372,Beer Wine Spirits,,Peroni Italy,0.0,PERONI
636,511111115878,Candy & Sweets,CANDY_AND_SWEETS,test brand @1598554814581,,TEST BRANDCODE @1598554814581
637,511111403074,,,Orv's,,
638,511111002710,,,RPs,,
639,511111917991,Baking,BAKING,test brand @1607463684722,0.0,TEST BRANDCODE @1607463684722
640,511111106203,Snacks,,Fruit Gushers™,,BETTY CROCKER GUSHERS
641,511111603597,,,Bugles,,
642,511111515524,Candy & Sweets,CANDY_AND_SWEETS,test brand @1597861701615,,TEST BRANDCODE @1597861701615
643,511111103707,,,Glaceau vitaminwater zero,,
644,511111215059,Baking,BAKING,test brand @1595340050104,,
645,511111505877,Breakfast & Cereal,,Lucky Charms®,0.0,LUCKY CHARMS
646,511111802402,Grocery,,Back to Nature Meals,0.0,BACK TO NATURE DINNERS
647,511111503460,,,Budweiser Select 55,,
648,511111615378,Baking,BAKING,test brand @1597350074366,,TEST BRANDCODE @1597350074366
649,511111302780,,,Cedar Crest,,
650,511111317876,Baking,BAKING,test brand @1606765578747,0.0,TEST BRANDCODE @1606765578747
651,511111305125,Magazines,,Rachael Ray Everyday,,511111305125
652,511111117797,Grocery,GROCERY,Grandma Sycamore,0.0,GRANDMA SYCAMORE
653,511111106364,Breakfast & Cereal,,Mermaid Cereal,,MERMAID CEREAL
654,511111915355,Baking,BAKING,test brand @1597350074236,,TEST BRANDCODE @1597350074237
655,511111803959,Beverages,,Aquafina,0.0,AQUAFINA
656,511111705512,Beverages,,SoBe Drinks,, SOBE
657,511111103219,,,Rice Krispies,,
658,511111905240,Magazines,,Kitchen and Baths,,511111905240
659,511111016625,Baking,BAKING,test brand @1599849713825,,TEST BRANDCODE @1599849713825
660,511111802631,,,Sunkist,,
661,511111004400,Condiments & Sauces,,Campbell's Dinner Sauces,0.0,CAMPBELLS DINNER SAUCES 
662,511111602606,,,Squirt,,
663,511111304821,Condiments & Sauces,,Wild Style Sauce,,WILD STYLE
664,511111300861,Personal Care,,DOVE,0.0,DOVE BODY
665,511111916888,Baking,BAKING,test brand @1601939012949,,TEST BRANDCODE @1601939012950
666,511111015307,Baking,BAKING,test brand @1597342520238,,TEST BRANDCODE @1597342520238
667,511111616184,Baking,BAKING,test brand @1598639353768,,
668,511111602323,Frozen,,Smart Ones,0.0,WEIGHT WATCHERS SMART ONES
669,511111805625,Health & Wellness,,ALEVE® LIQUID GELS,,ALEVE LIQUID GELS
670,511111603924,,,Lipton,,
671,511111200963,Snacks,,SANTITAS Tortilla Chips,,SANTITAS
672,511111204879,Dairy,,Fruit Love Spoonable Smoothies,,FRUIT LOVE
673,511111301462,Beverages,,Tropicana,0.0,TROPICANA
674,511111001553,,,Sabra,,
675,511111106081,Breakfast & Cereal,,Raisin Nut Bran,,RAISIN NUT BRAN
676,511111405696,Health & Wellness,,Bayer® ASPRIN EXTRA STRENGTH ,,511111405696
677,511111503255,,,Corn Flakes,,
678,511111901143,Dairy,,Velveeta,0.0,VELVEETA
679,511111400837,Frozen,,GOOD HUMOR,0.0,GOOD HUMOR
680,511111804277,Breakfast & Cereal,,JUST CRACK AN EGG Scramble Kit,0.0,JUST CRACK AN EGG
681,511111917274,Baking,BAKING,test brand @1604946244789,0.0,TEST BRANDCODE @1604946244789
682,511111305071,Magazines,,MARTHA STEWART LIVING MAGAZINE,0.0,511111305071
683,511111100850,Personal Care,,DOVE MEN+CARE,0.0,
684,511111701064,Grocery,,Cracker Barrel Macaroni & Cheese Dinners,0.0,
685,511111316329,Baking,BAKING,test brand @1598813526618,,TEST BRANDCODE @1598813526618
686,511111716877,Baking,BAKING,test brand @1601659135935,,
687,511111503972,Beverages,,Pepsi,0.0,PEPSI
688,511111705888,Snacks,,Mott's® Fruit Snacks,,MOTT'S
689,511111503187,,,Corn Pops,,
690,511111604242,Snacks,,Riberhus,0.0,RIBERHUS
691,511111601234,Snacks,,Hershey's Pudding,0.0,HERSHEY'S PUDDING
692,511111716433,Baking,BAKING,test brand @1599097538394,,TEST BRANDCODE @1599097538395
693,511111003526,,,Busch,,
694,511111802846,,,Digiorno,,
695,511111218067,Baking,BAKING,test brand @1607636368260,0.0,TEST BRANDCODE @1607636368260
696,511111604754,Baby,,GO & GROW,,GO & GROW
697,511111115205,Baking,BAKING,test brand @1595968943087,,TEST BRANDCODE @1595968943087
698,511111000884,Dairy,,COUNTRY CROCK,,COUNTRY CROCK
699,511111601517,Snacks,,Stacy's,,STACY'S
700,511111703549,,,Budweiser Select,,
701,511111100348,Condiments & Sauces,,MR. YOSHIDA'S,0.0,MR. YOSHIDA'S
702,511111203605,,,Bisquick,,
703,511111902300,,,Austin,,
704,511111517238,Candy & Sweets,CANDY_AND_SWEETS,test brand @1604437352151,0.0,TEST BRANDCODE @1604437352151
705,511111616306,Baking,BAKING,test brand @1598716512038,,
706,511111415138,Baking,BAKING,test brand @1595531348410,,TEST BRANDCODE @1595531348410
707,511111018100,Baking,BAKING,test brand @1607636369580,0.0,
708,511111902973,,,Barq's,,
709,511111015819,Candy & Sweets,CANDY_AND_SWEETS,test brand @1598296705444,,TEST BRANDCODE @1598296705444
710,511111702016,Condiments & Sauces,,Lea & Perrins,0.0,LEA & PERRINS
711,511111203049,,,Caffeine-free Diet Coke,,
712,511111302131,Condiments & Sauces,,Heinz,0.0,HEINZ
713,511111017387,Grocery,GROCERY,Sara Lee,0.0,SARA LEE 
714,511111017011,Baking,BAKING,test brand @1602694015481,,TEST BRANDCODE @1602694015481
715,511111400325,Grocery,,OVEN FRY,0.0,OVEN FRY
716,511111505204,,,BETTY CROCKER SPECIAL EDITION MAGAZINE,,
717,511111016298,Candy & Sweets,CANDY_AND_SWEETS,test brand @1598716510157,,TEST BRANDCODE @1598716510157
718,511111602484,,,Skol,,
719,511111300144,Beer Wine Spirits,,Two Hats,,TWO HATS
720,511111000952,Beverages,,Starbucks Ready-To-Drink Beverages,0.0,STARBUCKS Bottled Drinks
721,511111601722,Snacks,,Fritos,1.0,FRITOS
722,511111701620,Grocery,,Pasta Roni,,PASTA RONI
723,511111702665,Beverages,,7 up,1.0,BRAND CODE
724,511111604969,Magazines,,Allrecipes Magazine,,ALLRECIPES
725,511111504061,Grocery,,1_KRAFT Hockeyville,,
726,511111117919,Baking,BAKING,test brand @1606765591455,0.0,
727,511111504290,Beverages,,V8V Fusion,0.0,V8 V FUSION 
728,511111916444,Baking,BAKING,test brand @1599097538537,,TEST BRANDCODE @1599097538537
729,511111705390,Beverages,,H2OH! Sparkling Water,,H20H
730,511111603368,Beer Wine Spirits,,Miller Genuine Draft,0.0,MILLER GENUINE DRAFT
731,511111817093,Baking,BAKING,test brand @1603760319814,,TEST BRANDCODE @1603760319814
732,511111703266,,,Special K,,
733,511111203551,,,Busch Light,,
734,511111504900,Grocery,,Amazing Grains,,AMAZING GRAINS
735,511111915126,Baking,BAKING,test brand @1595531348374,,TEST BRANDCODE @1595531348374
736,511111406297,Breakfast & Cereal,,Chocolate Cheerios™,,CHOCOLATE CHEERIOS
737,511111105480,Beverages,,O.N.E. Coconut Water,,ONE
738,511111600282,Beer Wine Spirits,,Keystone Ice,,KEYSTONE ICE
739,511111800361,Dairy,,DIGIORNO CHEESE,0.0,DIGIORNO CHEESE
740,511111004912,Snacks,,Caleb's Kola,,CALEBS KOLA
741,511111619826,Baking,BAKING,test brand @1611088503776,0.0,TEST BRANDCODE @1611088503776
742,511111401360,Beer Wine Spirits,,Pilsner Urquell,0.0,PILSNER URQUELL
743,511111915560,Baking,BAKING,test brand @1597935986474,,TEST BRANDCODE @1597935986474
744,511111602767,,,Prairie Farms,,
745,511111804321,Snacks,,Milano,0.0, MILANO
746,511111618225,Baking,BAKING,test brand @1607707833391,0.0,
747,511111402800,,,Palermo,,
748,511111815228,Baking,BAKING,test brand @1595968944654,,
749,511111006305,,,"General Mills ""Big G"" Cereal",,GENERAL MILLS CEREAL
750,511111516125,Candy & Sweets,CANDY_AND_SWEETS,test brand @1598635635448,,TEST BRANDCODE @1598635635448
751,511111500896,Personal Care,,CLEAR,0.0,CLEAR
752,511111700463,Beer Wine Spirits,,Arnold Palmer Spiked,0.0,ARNOLD PALMER SPIKED HALF & HALF ORIGINAL
753,511111817703,Beer Wine Spirits,BEER_WINE_SPIRITS,Absolut® Lime,0.0,ABSOLUT® LIME
754,511111817659,Beer Wine Spirits,BEER_WINE_SPIRITS,Absolut® Juice Strawberry,0.0,ABSOLUT® JUICE STRAWBERRY
755,511111517672,Beer Wine Spirits,BEER_WINE_SPIRITS,Absolut® Original,0.0,ABSOLUT® ORIGINAL
756,511111717683,Beer Wine Spirits,BEER_WINE_SPIRITS,Absolut® Mandrin,0.0,ABSOLUT® MANDRIN
757,511111517511,Beer Wine Spirits,BEER_WINE_SPIRITS,Absolut® Elyx,0.0,ABSOLUT ELYX
758,511111017660,Beer Wine Spirits,BEER_WINE_SPIRITS,Absolut® Juice Apple,0.0,ABSOLUT® JUICE APPLE
759,511111017509,Beer Wine Spirits,BEER_WINE_SPIRITS,Aberlour®,0.0,ABERLOUR
760,511111317593,Beer Wine Spirits,BEER_WINE_SPIRITS,Jameson® Cold Brew ,0.0,JAMESON COLD BREW 
761,511111817420,Beer Wine Spirits,BEER_WINE_SPIRITS,Jefferson’s Reserve®,0.0,JEFFERSON’S RESERVE
762,511111617419,Beer Wine Spirits,BEER_WINE_SPIRITS,Campo Viejo®,0.0,CAMPO VIEJO
763,511111917489,Beer Wine Spirits,BEER_WINE_SPIRITS,Kahlua®,0.0,KAHLUA
764,511111017455,Beer Wine Spirits,BEER_WINE_SPIRITS,Mumm Napa®,0.0,MUMM NAPA 
765,511111717478,Beer Wine Spirits,BEER_WINE_SPIRITS,Malfy®,0.0,MALFY
766,511111117636,Beer Wine Spirits,BEER_WINE_SPIRITS,Malibu® Lime,0.0,MALIBU® LIME
767,511111317647,Beer Wine Spirits,BEER_WINE_SPIRITS,Malibu® Strawberry,0.0,MALIBU® STRAWBERRY
768,511111217534,Beer Wine Spirits,BEER_WINE_SPIRITS,Redbreast 12YO ,0.0,REDBREAST 12YO 
769,511111115434,Baking,BAKING,test brand @1597527951412,,TEST BRANDCODE @1597527951412
770,511111215820,Baking,BAKING,test brand @1598296705593,,
771,511111800200,Beer Wine Spirits,,Sol,0.0,SOL
772,511111903291,,,Activia,,
773,511111201793,Snacks,,Baked!,1.0,
774,511111816546,Candy & Sweets,CANDY_AND_SWEETS,test brand @1599159969725,,TEST BRANDCODE @1599159969725
775,511111216421,Baking,BAKING,test brand @1598881723241,,
776,511111701903,Grocery,,Wyler's,0.0,WYLER'S
777,511111616979,Baking,BAKING,test brand @1601939762943,,TEST BRANDCODE @1601939762943
778,511111006183,Frozen,,Fat Rabbit,,FAT RABBIT
779,511111406068,Breakfast & Cereal,,Total™,,TOTAL
780,511111516071,Baking,BAKING,test brand @1598635634169,,
781,511111616023,Baking,BAKING,test brand @1598635435829,,TEST BRANDCODE @1598635435829
782,511111402688,,,Nature's Bakery,,
783,511111118237,Baking,BAKING,test brand @1607708191092,0.0,TEST BRANDCODE @1607708191093
784,511111503026,,,Coca-Cola Zero,,
785,511111617624,Beer Wine Spirits,BEER_WINE_SPIRITS,Malibu® Pineapple,0.0,MALIBU® PINEAPPLE
786,511111104742,Baby,,PURE BLISS,,PURE BLISS
787,511111604198,Snacks,,Royal Dansk,0.0,ROYAL DANSK
788,511111416227,Baking,BAKING,test brand @1598711015578,,TEST BRANDCODE @1598711015578
789,511111402039,Dairy,,Kraft Shredded Cheese,,
790,511111402312,Frozen,,Devour,0.0,DEVOUR
791,511111704096,Canned Goods & Soups,,Campbell's,0.0,CAMPBELLS
792,511111915072,Baking,BAKING,test brand @1595340086011,,TEST BRANDCODE @1595340086011
793,511111200475,Beverages,,STUBBORN SODA,0.0,STUBBORN SODA
794,511111517443,Beer Wine Spirits,BEER_WINE_SPIRITS,Avion® Silver,0.0,AVION
795,511111318682,Baking,BAKING,test brand @1610039590413,0.0,TEST BRANDCODE @1610039590413
796,511111618669,Baking,BAKING,test brand @1610039590349,0.0,TEST BRANDCODE @1610039590349
797,511111818694,Baking,BAKING,test brand @1610039590443,0.0,TEST BRANDCODE @1610039590443
798,511111918714,Baking,BAKING,test brand @1610040575410,0.0,
799,511111118671,Baking,BAKING,test brand @1610039590383,0.0,TEST BRANDCODE @1610039590383
800,511111418702,Candy & Sweets,CANDY_AND_SWEETS,test brand @1610039590990,0.0,TEST BRANDCODE @1610039590990
801,511111719441,Baking,BAKING,test brand @1610495622485,0.0,TEST BRANDCODE @1610495622485
802,511111619499,Baking,BAKING,test brand @1610496646103,0.0,TEST BRANDCODE @1610496646104
803,511111219453,Baking,BAKING,test brand @1610495622510,0.0,TEST BRANDCODE @1610495622510
804,511111119487,Candy & Sweets,CANDY_AND_SWEETS,test brand @1610495623019,0.0,TEST BRANDCODE @1610495623019
805,511111419464,Baking,BAKING,test brand @1610495622536,0.0,TEST BRANDCODE @1610495622536
806,511111919476,Baking,BAKING,test brand @1610495622560,0.0,TEST BRANDCODE @1610495622560
807,511111214038,Health & Wellness,HEALTHY_AND_WELLNESS,ONE A DAY®,0.0,ONE A DAY
808,511111803003,,,Cherry Coke,,
809,511111705239,Magazines,,Happy Paws,,511111705239
810,511111614074,Dairy & Refrigerated,DAIRY_AND_REFRIGERATED,COUNTRY CROCK ORIGINAL,,COUNTRY CROCK ORIGINAL
811,511111900825,Condiments & Sauces,,Mayo by HELLMANN'S/BEST FOODS,0.0,HELLMANN'S/BEST FOODS
812,511111615422,Baking,BAKING,test brand @1597527951382,,TEST BRANDCODE @1597527951382
813,511111516798,Baking,BAKING,test brand @1601644882040,,TEST BRANDCODE @1601644882040
814,511111015468,Candy & Sweets,CANDY_AND_SWEETS,test brand @1597527952048,,TEST BRANDCODE @1597527952048
815,511111116240,Baking,BAKING,test brand @1598711051957,,
816,511111715764,Baking,BAKING,test brand @1598290605359,,
817,511111615217,Candy & Sweets,CANDY_AND_SWEETS,test brand @1595968943787,,TEST BRANDCODE @1595968943787
818,511111200680,Frozen,,TALENTI,0.0,TALENTI
819,511111716082,Baking,BAKING,test brand @1598635634767,,TEST BRANDCODE @1598635634767
820,511111305842,Health & Wellness,,ONE A DAY® VITACRAVES ADULT MULTIVITAMINS,,511111305842
821,511111601005,Beer Wine Spirits,,Red Dog,,RED DOG
822,511111201359,Beer Wine Spirits,,Smith & Forge Hard Cider,0.0,SMITH & FORGE
823,511111200031,Beverages,,LIPTON Iced Tea Beverages,0.0,LIPTON Iced Tea Beverages
824,511111201564,Snacks,,Ruffles,,RUFFLES
825,511111604310,Beverages,,V8 Plus Energy,0.0,V8 PLUS ENERGY 
826,511111804550,Snacks,,POP SECRET,0.0,POP SECRET
827,511111316992,Candy & Sweets,CANDY_AND_SWEETS,test brand @1601939763539,,TEST BRANDCODE @1601939763539
828,511111203322,,,Fruit on the Bottom,,
829,511111801191,Beverages,,Capri Sun,0.0,CAPRI SUN
830,511111100416,Snacks,,NUT HARVEST,,NUT HARVEST
831,511111916390,Baking,BAKING,test brand @1598881563437,,TEST BRANDCODE @1598881563437
832,511111902539,,,Famous Amos,,
833,511111216650,Baking,BAKING,test brand @1600291349208,,TEST BRANDCODE @1600291349208
834,511111102823,,,Emils,,
835,511111204596,Beer Wine Spirits,,Henry Weinhard's,,HENRY WEINHARDS
836,511111116479,Candy & Sweets,CANDY_AND_SWEETS,test brand @1599097539366,,TEST BRANDCODE @1599097539367
837,511111905035,Magazines,,People Special Edition Magazine,,511111905035
838,511111706274,Breakfast & Cereal,,Fruity Cheerios™,,FRUITY CHEERIOS
839,511111905752,Health & Wellness,,Flintstones™ MULTIVITAMIN GUMMY,,FLINTSTONES MULTIVITAMIN GUMMY
840,511111102267,Beer Wine Spirits,,Foster's,0.0,FOSTER'S
841,511111904892,Condiments & Sauces,,F. Whitlock & Sons BBQ Sauce,,F WHITLOCK AND SONS
842,511111318804,Baking,BAKING,test brand @1610046687007,0.0,TEST BRANDCODE @1610046687007
843,511111818816,Baking,BAKING,test brand @1610046687035,0.0,TEST BRANDCODE @1610046687035
844,511111718796,Baking,BAKING,test brand @1610046686980,0.0,TEST BRANDCODE @1610046686980
845,511111416456,Baking,BAKING,test brand @1599097538571,,TEST BRANDCODE @1599097538572
846,511111314097,Dairy & Refrigerated,DAIRY_AND_REFRIGERATED,I CAN'T BELIEVE IT'S NOT BUTTER!,,I CAN'T BELIEVE IT'S NOT BUTTER
847,511111118008,Baking,BAKING,test brand @1607463684777,0.0,TEST BRANDCODE @1607463684777
848,511111701781,Snacks,,Baken-Ets,1.0,BAKEN-ETS
849,511111405979,Dairy,,LIBERTÉ®,,LIBERTE
850,511111006251,Breakfast & Cereal,,Apple Cinnamon Cheerios™,,APPLE CINNAMON CHEERIOS
851,511111700180,Beer Wine Spirits,,St. Stefanus,,ST STEFANUS
852,511111304050,,,Monster,,
853,511111101734,Beverages,,Dole Chilled Fruit Juices,0.0,DOLE CHILLED FRUIT JUICES
854,511111915409,Baking,BAKING,test brand @1597350076586,,
855,511111703822,,,Haagen-Dazs,,
856,511111700692,Personal Care,,SUAVE,0.0,SUAVE
857,511111402190,Condiments & Sauces,,Classico,0.0,CLASSICO
858,511111402473,,,Brahma,,
859,511111717805,Grocery,GROCERY,Stroehmann,0.0,STROEHMANN
860,511111305354,Beverages,,Bubly Sparkling Water,0.0,BUBLY
861,511111004356,Grocery,,1915 Bolthouse Farms,0.0,1915 BOLTHOUSE FARMS
862,511111018827,Candy & Sweets,CANDY_AND_SWEETS,test brand @1610046687624,0.0,TEST BRANDCODE @1610046687624
863,511111218784,Baking,BAKING,test brand @1610046686954,0.0,TEST BRANDCODE @1610046686954
864,511111518839,Baking,BAKING,test brand @1610049748078,0.0,TEST BRANDCODE @1610049748079
865,511111114062,Health & Wellness,HEALTHY_AND_WELLNESS,MIRALAX®LAXATIVES,0.0,MIRALAX LAXATIVES
866,511111318248,Baking,BAKING,test brand @1607708191128,0.0,TEST BRANDCODE @1607708191128
867,511111818250,Baking,BAKING,test brand @1607708191160,0.0,TEST BRANDCODE @1607708191160
868,511111018261,Baking,BAKING,test brand @1607708191197,0.0,TEST BRANDCODE @1607708191197
869,511111518273,Candy & Sweets,CANDY_AND_SWEETS,test brand @1607708191721,0.0,TEST BRANDCODE @1607708191721
870,511111718284,Baking,BAKING,test brand @1607708192160,0.0,
871,511111519591,Baking,BAKING,test brand @1610562208718,0.0,TEST BRANDCODE @1610562208718
872,511111619611,Baking,BAKING,test brand @1610653894219,0.0,TEST BRANDCODE @1610653894219
873,511111319566,Baking,BAKING,test brand @1610562208600,0.0,TEST BRANDCODE @1610562208600
874,511111819578,Baking,BAKING,test brand @1610562208645,0.0,TEST BRANDCODE @1610562208645
875,511111119609,Candy & Sweets,CANDY_AND_SWEETS,test brand @1610562209325,0.0,TEST BRANDCODE @1610562209325
876,511111019589,Baking,BAKING,test brand @1610562208680,0.0,TEST BRANDCODE @1610562208680
877,511111019701,Baking,BAKING,test brand @1610660035827,0.0,TEST BRANDCODE @1610660035827
878,511111419693,Baking,BAKING,test brand @1610660035788,0.0,TEST BRANDCODE @1610660035788
879,511111519713,Candy & Sweets,CANDY_AND_SWEETS,test brand @1610660036398,0.0,TEST BRANDCODE @1610660036398
880,511111219736,Baking,BAKING,test brand @1610718082493,0.0,TEST BRANDCODE @1610718082494
881,511111801474,Beverages,,Tropicana Trop 50,0.0,
882,511111702733,,,Valu Time,,
883,511111201847,Frozen,,TGI Fridays,0.0,T.G.I. FRIDAY'S
884,511111600350,Beer Wine Spirits,,Cusquena,,CUSQUENA
885,511111517399,Bread & Bakery,BREAD_AND_BAKERY,Arnold ,0.0,ARNOLD
886,511111001997,Beverages,,McCafé,0.0,MC CAFE
887,511111404514,Snacks,,O-Ke-Doke,0.0,O-KE-DOKE
888,511111517955,Baking,BAKING,test brand @1607312532260,0.0,TEST BRANDCODE @1607312532260
889,511111505648,Health & Wellness,,ALKA SELTZER® ADULT HEARTBURN CHEWS/ GUMMY/ TAB,,ALKA SELTZER ADULT HEARTBURN CHEWS/ GUMMY/ TAB
890,511111615149,Baking,BAKING,test brand @1595531348450,,TEST BRANDCODE @1595531348450
891,511111816058,Baking,BAKING,test brand @1598635435926,,TEST BRANDCODE @1598635435926
892,511111018056,Baking,BAKING,test brand @1607636368135,0.0,TEST BRANDCODE @1607636368136
893,511111416012,Baking,BAKING,test brand @1598635397611,,
894,511111201281,Breakfast & Cereal,,Quaker Oatmeal Squares,0.0,
895,511111806387,Breakfast & Cereal,,Oatmeal Crisp™ Cereal,,OATMEAL CRISP
896,511111101383,Beer Wine Spirits,,Milwaukee's Best Light,,
897,511111818533,Baking,BAKING,test brand @1609794602668,0.0,
898,511111518556,Baking,BAKING,test brand @1609794603283,0.0,TEST BRANDCODE @1609794603283
899,511111614630,Health & Wellness,HEALTHY_AND_WELLNESS,Phillips'®Digestive,0.0,PHILLIPS'®DIGESTIVE
900,511111919681,Baking,BAKING,test brand @1610660035741,0.0,TEST BRANDCODE @1610660035741
901,511111719724,Baking,BAKING,test brand @1610660036852,0.0,
902,511111018544,Baking,BAKING,test brand @1609794603236,0.0,TEST BRANDCODE @1609794603237
903,511111218579,Baking,BAKING,test brand @1609794603367,0.0,TEST BRANDCODE @1609794603367
904,511111718567,Baking,BAKING,test brand @1609794603327,0.0,TEST BRANDCODE @1609794603327
905,511111418580,Candy & Sweets,CANDY_AND_SWEETS,test brand @1609794603941,0.0,TEST BRANDCODE @1609794603942
906,511111918592,Baking,BAKING,test brand @1610038521409,0.0,TEST BRANDCODE @1610038521409
907,511111419747,Baking,BAKING,test brand @1610718082601,0.0,TEST BRANDCODE @1610718082601
908,511111619772,Candy & Sweets,CANDY_AND_SWEETS,test brand @1610718083279,0.0,TEST BRANDCODE @1610718083279
909,511111319795,Baking,BAKING,test brand @1611088480964,0.0,
910,511111119760,Baking,BAKING,test brand @1610718082685,0.0,TEST BRANDCODE @1610718082685
911,511111819783,Baking,BAKING,test brand @1610718083421,0.0,
912,511111919759,Baking,BAKING,test brand @1610718082644,0.0,TEST BRANDCODE @1610718082644
913,511111319122,Baking,BAKING,test brand @1610135038186,0.0,
914,511111119111,Candy & Sweets,CANDY_AND_SWEETS,test brand @1610135036684,0.0,TEST BRANDCODE @1610135036684
915,511111919193,Baking,BAKING,test brand @1610493432606,0.0,
916,511111519201,Baking,BAKING,test brand @1610493496943,0.0,TEST BRANDCODE @1610493496943
917,511111219170,Candy & Sweets,CANDY_AND_SWEETS,test brand @1610493089082,0.0,TEST BRANDCODE @1610493089082
918,511111019091,Baking,BAKING,test brand @1610135035614,0.0,TEST BRANDCODE @1610135035614
919,511111419181,Baking,BAKING,test brand @1610493152468,0.0,
920,511111619109,Baking,BAKING,test brand @1610135035679,0.0,TEST BRANDCODE @1610135035679
921,511111519089,Baking,BAKING,test brand @1610135035546,0.0,TEST BRANDCODE @1610135035546
922,511111819134,Baking,BAKING,test brand @1610493088286,0.0,TEST BRANDCODE @1610493088287
923,511111519157,Baking,BAKING,test brand @1610493088459,0.0,TEST BRANDCODE @1610493088459
924,511111019145,Baking,BAKING,test brand @1610493088421,0.0,TEST BRANDCODE @1610493088421
925,511111719168,Baking,BAKING,test brand @1610493088494,0.0,TEST BRANDCODE @1610493088494
926,511111819066,Baking,BAKING,test brand @1610058197026,0.0,
927,511111119043,Baking,BAKING,test brand @1610058181760,0.0,TEST BRANDCODE @1610058181760
928,511111319078,Baking,BAKING,test brand @1610135035331,0.0,TEST BRANDCODE @1610135035332
929,511111619055,Candy & Sweets,CANDY_AND_SWEETS,test brand @1610058182453,0.0,TEST BRANDCODE @1610058182453
930,511111419020,Baking,BAKING,test brand @1610058181682,0.0,TEST BRANDCODE @1610058181682
931,511111919032,Baking,BAKING,test brand @1610058181719,0.0,TEST BRANDCODE @1610058181719
932,511111906285,Breakfast & Cereal,,Hershey's™ Cereal,,HERSHEYS CEREAL
933,511111415787,Baking,BAKING,test brand @1598296704728,,TEST BRANDCODE @1598296704728
934,511111701347,Beverages,,Amp Energy,0.0,AMP
935,511111003755,,,Fuze,,
936,511111905318,Magazines,,Eat This Not That Magazine,,511111905318
937,511111500940,Personal Care,,AXE,0.0,AXE
938,511111116035,Baking,BAKING,test brand @1598635435855,,TEST BRANDCODE @1598635435855
939,511111617907,Candy & Sweets,CANDY_AND_SWEETS,test brand @1606765582946,0.0,TEST BRANDCODE @1606765582946
940,511111503811,,,Kemps,,
941,511111203834,Beverages,,Barmen,,
942,511111216933,Baking,BAKING,test brand @1601939064752,,
943,511111806509,Breakfast & Cereal,,alexa-o's,1.0,ALEXA-O'S
944,511111904014,,,Frosted Mini-Wheats,,
945,511111005704,Health & Wellness,,Bayer® ASPRIN TAB/ CAPS/ CHEWS,,511111005704
946,511111017172,Baking,BAKING,test brand @1603925792078,,
947,511111805069,Magazines,,InStyle,,511111805069
948,511111402244,Beer Wine Spirits,,Steel Reserve,0.0,STEEL RESERVE
949,511111904946,Snacks,,Pop Works & Company Popcorn,,POP WORKS & COMPANY
950,511111900498,Snacks,,SABRITONES,,SABRITONES
951,511111205456,Magazines,,TIME Special Edition Magazine,,511111205456
952,511111200314,Grocery,,SURE-JELL,0.0,SURE-JELL
953,511111500179,Beer Wine Spirits,,Terrapin,,TERRAPIN
954,511111501053,Frozen,,Smart Made,0.0,SMART MADE
955,511111417057,Baking,BAKING,test brand @1602694099888,,
956,511111405023,Magazines,,Coastal Living Magazine,,511111405023
957,511111404231,Personal Care,,LOVE BEAUTY AND PLANET,0.0,LOVE BEAUTY AND PLANET
958,511111005865,Health & Wellness,,Protein One™,,PROTEIN ONE
959,511111203766,,,Sugar Free NOS,,
960,511111605492,Magazines,,Yoga Journal Magazine,,511111605492
961,511111414551,Baking,BAKING,Show this Brand A,,
962,511111501541,Snacks,,Smartfood Selects,,
963,511111617136,Baking,BAKING,test brand @1603925787381,,TEST BRANDCODE @1603925787381
964,511111002086,Beverages,,Kool-Aid,0.0,KOOL-AID
965,511111203995,,,Minute Maid,,
966,511111416890,Baking,BAKING,test brand @1601939013241,,TEST BRANDCODE @1601939013241
967,511111401438,Grocery,,Velveeta Shells,0.0,
968,511111803447,,,Margaritaville,,
969,511111615705,Baking,BAKING,test brand @1598042674677,,
970,511111317715,Beer Wine Spirits,BEER_WINE_SPIRITS,Absolut® Citron,0.0,ABSOLUT® CITRON
971,511111717522,Beer Wine Spirits,BEER_WINE_SPIRITS,Avion® R44,0.0,AVION R44
972,511111102984,,,Caffeine-free Coca-Cola,,
973,511111418146,Baking,BAKING,test brand @1607639231710,0.0,TEST BRANDCODE @1607639231710
974,511111902812,,,Screamin Sicilian,,
975,511111900269,Beer Wine Spirits,,Miller Fortune,,MILLER FORTUNE
976,511111900771,Personal Care,,LEVER 2000,0.0,LEVER 2000
977,511111105558,Baby,BABY,A+D®,0.0,A+D
978,511111312949,Baby,,Pull-Ups,1.0,PULLUPS
979,511111216582,Baking,BAKING,test brand @1599849713170,,
980,511111817864,Baking,BAKING,test brand @1606765578434,0.0,TEST BRANDCODE @1606765578435
981,511111003960,Beverages,,Mountain Dew,0.0,MOUNTAIN DEW
982,511111102052,Condiments & Sauces,,Kraft Mayo,0.0,
983,511111101505,Snacks,,Sun Chips,,SUN CHIPS
984,511111716365,Candy & Sweets,CANDY_AND_SWEETS,test brand @1598813527796,,TEST BRANDCODE @1598813527796
985,511111800712,Beverages,,PURE LEAF Tea Leaves,0.0,PURE LEAF Tea Leaves
986,511111201120,Snacks,,Corn Nuts,0.0,CORN NUTS
987,511111702382,Dairy,,Breakstone's,0.0,BREAKSTONE'S
988,511111200192,Beer Wine Spirits,,Sparks,0.0,SPARKS
989,511111316275,Baking,BAKING,test brand @1598716509357,,TEST BRANDCODE @1598716509358
990,511111301189,Beverages,,Maxwell House,0.0,MAXWELL HOUSE
991,511111603436,,,Beck's,,
992,511111516637,Candy & Sweets,CANDY_AND_SWEETS,test brand @1599849714378,,TEST BRANDCODE @1599849714378
993,511111716204,Baking,BAKING,test brand @1598711015496,,TEST BRANDCODE @1598711015496
994,511111800088,Canned Goods & Soups,,Continental,,CONTINENTAL SOUP
995,511111213925,Beauty,,Garnier - Hair Color,,GARNIER - HAIR COLOR
996,511111114628,Health & Wellness,HEALTHY_AND_WELLNESS,AFRIN® NASAL SPRAY,0.0,AFRIN® NASAL SPRAY
997,511111605980,Dairy,,Goodbelly® Probiotics,,GOODBELLY
998,511111200758,Personal Care,,NEXXUS,0.0,NEXXUS
999,511111004127,Beverages,,V8,0.0,V8
1000,511111502654,,,Dr. Pepper,,
1001,511111300090,Condiments & Sauces,,Colman's,,COLMAN'S
1002,511111704140,Condiments & Sauces,,Prego,0.0,PREGO
1003,511111517887,Baking,BAKING,test brand @1606765578985,0.0,TEST BRANDCODE @1606765578985
1004,511111914105,Dairy & Refrigerated,DAIRY_AND_REFRIGERATED,BRUMMEL & BROWN,,BRUMMEL & BROWN
1005,511111705956,Dairy,,YQ by Yoplait®,,YQ YOPLAIT
1006,511111805298,Magazines,,Diabetic Living Magazine,,511111805298
1007,511111205227,,,Diabetic Living Magazine,,
1008,511111117285,Baking,BAKING,test brand @1604946244833,0.0,TEST BRANDCODE @1604946244833
1009,511111205661,Health & Wellness,,ALKA SELTZER® PLUS COLD AND FLU TAB/ CAPS/ GEL,,ALKA SELTZER COLD AND FLU TAB/ CAPS/ GEL
1010,511111115151,Candy & Sweets,CANDY_AND_SWEETS,test brand @1595531349206,,TEST BRANDCODE @1595531349206
1011,511111905806,Health & Wellness,,ONE A DAY® HEART HEALTH,,511111905806
1012,511111605058,Dairy,,Brand2,1.0,09090909090
1013,511111003472,,,Bud Light Lime,,
1014,511111105831,Health & Wellness,,ONE A DAY® PRENATAL AND PREGNANCY,,511111105831
1015,511111704140,,,Diet Chris Cola,,DIETCHRIS2
1016,511111403791,,,Dr Pepper,,
1017,511111804765,Deli,,Bold Butcher,,BOLD BUTCHER
1018,511111601678,Snacks,,Lay's Original,1.0,LAY'S
1019,511111401599,Snacks,,Quaker Chewy,0.0,
1020,511111300939,Frozen,FROZEN,BEN & JERRY'S,1.0,BEN & JERRY'S
1021,511111816263,Baking,BAKING,test brand @1598716509304,,TEST BRANDCODE @1598716509304
1022,511111202950,,,Pibb Xtra,,
1023,511111106432,Beverages,,"new-brand, of course",1.0,FRS920
1024,511111615651,Baking,BAKING,test brand @1598042673378,,TEST BRANDCODE @1598042673378
1025,511111804604,Beverages,,V8 Hydrate,0.0,V8 HYDRATE
1026,511111002369,Beverages,,Country Time,0.0,COUNTRY TIME
1027,511111102779,,,Frito Lay,,
1028,511111419815,Baking,BAKING,test brand @1611088503732,0.0,TEST BRANDCODE @1611088503732
1029,511111401643,Beverages,,Naked Juice,,NAKED JUICE
1030,511111800927,Frozen,,BREYERS,1.0,BREYERS
1031,511111817215,Baking,BAKING,test brand @1604437351646,0.0,TEST BRANDCODE @1604437351646
1032,511111105275,Magazines,,Country Gardens Magazine,,511111105275
1033,511111906353,Breakfast & Cereal,,Girl Scouts Cookie Cereal,,GIRL SCOUT CEREAL
1034,511111802792,Beer Wine Spirits,,Miller Lite,0.0,MILLER LITE
1035,511111000167,Beer Wine Spirits,,Third Shift Brewing,,THIRD SHIFT
1036,511111112938,Baby,BABY,GoodNites,1.0,GOODNITES
1037,511111116523,Baking,BAKING,test brand @1599159969061,,TEST BRANDCODE @1599159969061
1038,511111217183,Baking,BAKING,test brand @1604434433706,0.0,TEST BRANDCODE @1604434433706
1039,511111413950,Beauty,,Maybelline,,MAYBELLINE
1040,511111606093,Dairy,,Yoplait®,0.0,YOPLAIT
1041,511111303664,,,Odwalla,,
1042,511111515753,Candy & Sweets,CANDY_AND_SWEETS,test brand @1598290604214,,TEST BRANDCODE @1598290604214
1043,511111417989,Baking,BAKING,test brand @1607463684590,0.0,TEST BRANDCODE @1607463684591
1044,511111913948,Beauty,,L’Oreal Paris - Hair Color,,L’OREAL PARIS - HAIR COLOR
1045,511111917113,Baking,BAKING,test brand @1603760320553,,
1046,511111505594,Health & Wellness,,"ALEVE® CAPLETS, TABLETS, AND GEL CAPS",,"ALEVE CAPLETS, TABLETS, AND GEL CAPS"
1047,511111103097,,,Roma,,
1048,511111605263,Magazines,,Clean Eating Magazine,,511111605263
1049,511111415909,Baking,BAKING,test brand @1598633602226,,TEST BRANDCODE @1598633602226
1050,511111503309,,,Oikos,,
1051,511111718352,Baking,BAKING,test brand @1608136465926,0.0,
1052,511111218296,Baking,BAKING,test brand @1607987891733,0.0,TEST BRANDCODE @1607987891733
1053,511111000235,Beer Wine Spirits,,Saint Archer,,SAINT ARCHER
1054,511111601166,Dairy,,Philadelphia,0.0,PHILADELPHIA
1055,511111804482,Snacks,,Late July,0.0,LATE JULY
1056,511111417774,Grocery,GROCERY,Freihofers,0.0,FREIHOFERS
1057,511111100133,Beer Wine Spirits,,Tyskie,,TYSKIE GRONIE
1058,511111904663,Household,,Kleenex,0.0,KLEENEX
1059,511111016854,Baking,BAKING,test brand @1601659120870,,TEST BRANDCODE @1601659120870
1060,511111416944,Baking,BAKING,test brand @1601939732269,,
1061,511111900542,Snacks,,EL ISLENO,1.0,EL ISLENO
1062,511111717751,Grocery,GROCERY,Maiser's,0.0,MAISER'S 
1063,511111816980,Baking,BAKING,test brand @1601939762976,,TEST BRANDCODE @1601939762976
1064,511111204718,Household,,Viva,0.0,VIVA
1065,511111604686,Personal Care,,Poise,0.0,POISE
1066,511111918158,Baking,BAKING,test brand @1607639231747,0.0,TEST BRANDCODE @1607639231747
1067,511111503538,,,Natural,,
1068,511111102335,Frozen,,Ore-Ida,0.0,ORE-IDA
1069,511111605331,Magazines,,History Channel Special Edition Magazine ,,511111605331
1070,511111300373,Grocery,,BIAGLUT,0.0,BIAGLUT
1071,511111004790,Condiments & Sauces,,Bitten Dressing,,BITTEN
1072,511111401926,Beverages,,Tang,0.0,TANG
1073,511111603085,,,Edy's,,
1074,511111707202,Baby,BABY,Huggies,1.0,HUGGIES
1075,511111204152,Baby,,Plum Organics,0.0,PLUM ORGANICS
1076,511111917557,Beer Wine Spirits,BEER_WINE_SPIRITS,The Glenlivet® Caribbean Reserve,0.0,THE GLENLIVET CARIBBEAN RESERVE
1077,511111117568,Beer Wine Spirits,BEER_WINE_SPIRITS,The Glenlivet® Founder's Reserve,0.0,THE GLENLIVET® FOUNDER'S RESERVE
1078,511111617570,Beer Wine Spirits,BEER_WINE_SPIRITS,The Glenlivet® 12 Year ,0.0,THE GLENLIVET® 12 YEAR 
1079,511111204640,Baby,,Goodnites,0.0,GOODNITES
1080,511111801030,Beverages,,Tassimo,0.0,TASSIMO
1081,511111206330,Breakfast & Cereal,,Dippin Dots® Cereal,,DIPPIN DOTS
1082,511111701132,,,Stove Top,0.0,STOVE TOP
1083,511111417828,Bread & Bakery,BREAD_AND_BAKERY,Brownberry,0.0,BROWNBERRY
1084,511111216704,Baking,BAKING,test brand @1601644363663,,TEST BRANDCODE @1601644363664
1085,511111205944,Dairy,,Oui™ by Yoplait®,,OUI BY YOPLAIT
1086,511111500452,Beer Wine Spirits,,Cerveza Aguila,,CERVEZA AGUILA
1087,511111616252,Baking,BAKING,test brand @1598716507601,,TEST BRANDCODE @1598716507602
1088,511111903574,,,Budweiser,,
1089,511111103424,,,Budweiser Black Crown,,
1090,511111916673,Baking,BAKING,test brand @1600291349297,,TEST BRANDCODE @1600291349297
1091,511111702221,Beer Wine Spirits,,Icehouse,0.0,ICEHOUSE
1092,511111900610,Beauty & Personal Care,,FDS,,FDS
1093,511111204084,Grocery,,Bolthouse Farms,0.0,BOLTHOUSE FARMS
1094,511111100577,Personal Care,,Q-TIPS,0.0,Q-TIPS
1095,511111701293,Breakfast & Cereal,,Quaker Granola,0.0,
1096,511111001041,Dairy,,Hoffman's,0.0,HOFFMAN'S
1097,511111202882,,,Coca-Cola Cherry Zero,,
1098,511111606215,Snacks,,Fruit by the Foot™,,BETTY CROCKER FRUIT BY THE FOOT
1099,511111600121,Beer Wine Spirits,,Zumbida,,ZUMBIDA
1100,511111515807,Baking,BAKING,test brand @1598296704794,,TEST BRANDCODE @1598296704794
1101,511111103585,,,Cinnamon Toast Crunch,,
1102,511111001270,Snacks,,Quaker Popped Crisps,0.0,
1103,511111918080,Baking,BAKING,test brand @1607636368759,0.0,TEST BRANDCODE @1607636368759
1104,511111102496,,,Hoegaarden,,
1105,511111301257,Breakfast & Cereal,,Quaker Real Medleys,0.0,
1106,511111303732,,,gardenburger,,
1107,511111304548,Snacks,,Krunches!,0.0,KRUNCHERS
1108,511111017943,Baking,BAKING,test brand @1607312532218,0.0,TEST BRANDCODE @1607312532218
1109,511111401711,Snacks,,Funyuns,1.0,FUNYUNS
1110,511111904380,Canned Goods & Soups,,Campbell's Spaghettios,0.0,CAMPBELLS SPAGHETTIOS
1111,511111600916,Dairy,,BRUMMEL AND BROWN,,BRUMMEL AND BROWN
1112,511111315391,Candy & Sweets,CANDY_AND_SWEETS,test brand @1597350074997,,TEST BRANDCODE @1597350074997
1113,511111916239,Candy & Sweets,CANDY_AND_SWEETS,test brand @1598711019491,,TEST BRANDCODE @1598711019491
1114,511111116318,Baking,BAKING,test brand @1598813501461,,
1115,511111403128,,,Raisin Bran,,
1116,511111205500,Beverages,,Sierra Mist,,SIERRA MIST
1117,511111016410,Candy & Sweets,CANDY_AND_SWEETS,test brand @1598881572443,,TEST BRANDCODE @1598881572443
1118,511111015741,Baking,BAKING,test brand @1598290603646,,TEST BRANDCODE @1598290603646
1119,511111616535,Baking,BAKING,test brand @1599159969108,,TEST BRANDCODE @1599159969108
1120,511111803676,,,Glaceau smartwater,,
1121,511111703495,,,LandShark,,
1122,511111917830,Bread & Bakery,BREAD_AND_BAKERY,Oroweat,0.0,OROWEAT
1123,511111403562,,,Bud Light,,
1124,511111701576,Snacks,,Rold Gold,,ROLD GOLD
1125,511111119838,Baking,BAKING,test brand @1611088503815,0.0,TEST BRANDCODE @1611088503815
1126,511111717034,Baking,BAKING,test brand @1602694015991,,TEST BRANDCODE @1602694015992
1127,511111815174,Baking,BAKING,test brand @1595968942895,,TEST BRANDCODE @1595968942896
1128,511111104308,Beverages,,V8 Splash,0.0,V8 SPLASH
1129,511111404675,Personal Care,,Kotex,0.0,KOTEX
1130,511111505082,Magazines,,Midwest Living,,511111505082
1131,511111901211,Deli,,Oscar Mayer Carving Board,,
1132,511111405467,Beverages,,Ocean Spray Juices,,OCEAN SPRAY
1133,511111305798,Health & Wellness,,ONE A DAY® ESSENTIAL,,511111305798
1134,511111202394,Frozen,,Bagel Bites,0.0,BAGEL BITES
1135,511111405184,,,Do It Yourself,,
1136,511111601951,Dairy,,Polly-O,0.0,POLLY-O
1137,511111202165,Beverages,,Gevalia Iced Coffee,0.0,
1138,511111900054,Beauty & Personal Care,,Sunsilk,,SUNSILK
1139,511111401209,Baking,,Baker's,0.0,BAKER'S
1140,511111504344,Grocery,,Ecce Panis,0.0,ECCE PANIS
1141,511111405306,Magazines,,Do It Yourself Special Edition Magazine,,511111405306
1142,511111315230,Cleaning & Home Improvement,CLEANING_AND_HOME_IMPROVEMENT,AIR WICK®,0.0,AIR WICK
1143,511111903345,Beer Wine Spirits,,Hamm's Beer,0.0,HAMM'S
1144,511111202516,,,Corona,,
1145,511111716594,Baking,BAKING,test brand @1599849713740,,TEST BRANDCODE @1599849713740
1146,511111703105,,,Bellatoria,,
1147,511111306238,Breakfast & Cereal,,Monster's Cereal,,MONSTERS CEREAL
1148,511111905523,Beverages,,Tazo Bottled Teas,, TAZO BOTTLED TEAS
1149,511111400554,Personal Care,,TONI&GUY,0.0,TONI&GUY
1150,511111005377,Magazines,,Modern Farmhouse Magazine,,511111005377
1151,511111905479,Magazines,,Weight Watchers Special Edition Magazine ,,511111905479
1152,511111715559,Baking,BAKING,test brand @1597935986434,,TEST BRANDCODE @1597935986434
1153,511111101017,Beer Wine Spirits,,Mickey's,0.0,MICKEY'S
1154,511111302346,Beverages,,Crystal Light,0.0,CRYSTAL LIGHT
1155,511111000396,Beer Wine Spirits,,Coors Extra Gold,,COORS EXTRA GOLD
1156,511111617853,Grocery,GROCERY,D'Italiano,0.0,D ITALIANO
1157,511111303015,,,DASANI,,
1158,511111716648,Baking,BAKING,test brand @1600291349042,,TEST BRANDCODE @1600291349043
1159,511111501619,Beverages,,Pepsi Max,0.0,
1160,511111401155,Deli,,Claussen,0.0,CLAUSSEN
1161,511111403845,Beer Wine Spirits,,Blue Moon,0.0,BLUE MOON
1162,511111116752,Baking,BAKING,test brand @1601644365844,,
1163,511111706328,Breakfast & Cereal,,Dippin Dots® Cereal,,DIPPIN DOTS CEREAL
1164,511111416173,Candy & Sweets,CANDY_AND_SWEETS,test brand @1598639215217,,TEST BRANDCODE @1598639215217
1165,511111400608,Grocery,,LIPTON TEA Leaves,0.0,LIPTON TEA Leaves
1166,511111019930,Baking,BAKING,test brand @1613158231643,0.0,TEST BRANDCODE @1613158231644
