,$ref,$id
0,Cogs,601ac114be37ce2ead437550
1,Cogs,5332f5fbe4b03c9a25efd0ba
2,Cogs,601ac142be37ce2ead437559
3,Cogs,
4,Cogs,5332fa12e4b03c9a25efd1e7
5,Cogs,
6,Cogs,
7,Cogs,559c2234e4b06aca36af13c6
8,Cogs,5a734034e4b0d58f376be874
9,Cogs,59ba6f1ce4b092b29c167346
10,Cogs,5f4bf556be37ce0b44915549
11,Cpgs,5332f5f2e4b03c9a25efd0aa
12,Cogs,
13,Cogs,5d5d4fd16d5f3b23d1bc7905
14,Cogs,
15,Cpgs,5332f709e4b03c9a25efd0f1
16,Cogs,5d9b4f591dda2c6225a284aa
17,Cogs,5f358338be37ce443bf9d557
18,Cogs,5fb28549be37ce522e165cb4
19,Cogs,5332f5f6e4b03c9a25efd0b4
20,Cogs,55b62995e4b0d8e685c14213
21,Cogs,
22,Cogs,
23,Cpgs,53e10d6368abd3c7065097cc
24,Cpgs,5332f5ebe4b03c9a25efd0a8
25,Cogs,5e9f12f5be37ce3e45b6a77e
26,Cogs,
27,Cogs,
28,Cogs,5f493e72be37ce64d0ae36c2
29,Cogs,5f4936dcbe37ce52f8314fd8
30,Cogs,
31,Cogs,5fd2a0aebe37ce49eb72c0ed
32,Cogs,
33,Cogs,5f494c5d04db711dd8fe87e2
34,Cpgs,5332f5f3e4b03c9a25efd0ae
35,Cogs,
36,Cogs,
37,Cogs,5f35a0babe37ce6853cff1fd
38,Cogs,5fd29590be37ce38bbbefb25
39,Cogs,5fd3acb5be37ce0d9386bb3e
40,Cogs,550b2565e4b001d5e9e4146f
41,Cogs,
42,Cogs,
43,Cpgs,
44,Cogs,
45,Cogs,
46,Cpgs,
47,Cogs,5fa1c567be37ce402c4618ef
48,Cogs,
49,Cogs,
50,Cogs,
51,Cogs,
52,Cogs,
53,Cogs,
54,Cogs,5f16f535be37ce2b30061e24
55,Cpgs,5332f6ede4b03c9a25efd0e6
56,Cpgs,
57,Cogs,5f3d6f44be37ce4ddbb1bb3a
58,Cogs,5c76d20595144c5375687b4e
59,Cogs,
60,Cogs,
61,Cogs,
62,Cogs,5f3ff222be37ce1c81aa1e0c
63,Cogs,
64,Cogs,
65,Cogs,
66,Cogs,
67,Cogs,5f3e9195be37ce5a0e01b95f
68,Cogs,5fb6b608be37ce522e165cb9
69,Cogs,
70,Cogs,
71,Cogs,
72,Cogs,
73,Cogs,5fb2852cbe37ce522e165cae
74,Cpgs,
75,Cogs,5fa98944be37ce239d1070ff
76,Cogs,
77,Cpgs,
78,Cogs,
79,Cogs,5f493682be37ce52f8314fcb
80,Cpgs,57ace90fe4b057c992a316ab
81,Cogs,
82,Cogs,
83,Cpgs,5332f5f3e4b03c9a25efd0ac
84,Cogs,
85,Cogs,
86,Cogs,
87,Cogs,
88,Cpgs,
89,Cogs,
90,Cogs,5fc54c0abe37ce1911dbb3b1
91,Cogs,
92,Cogs,
93,Cogs,
94,Cogs,
95,Cpgs,
96,Cogs,5f9770bfbe37ce03d08a2d83
97,Cogs,
98,Cogs,5f513e9ebe37ce21f1287bff
99,Cogs,5332f7a7e4b03c9a25efd134
100,Cogs,
101,Cogs,
102,Cogs,5f3e9172be37ce5a0e01b952
103,Cogs,5f4936ddbe37ce52f8314fda
104,Cpgs,
105,Cogs,
106,Cogs,
107,Cogs,5f43faabbe37ce3ef3fd3714
108,Cogs,
109,Cogs,
110,Cogs,
111,Cogs,
112,Cogs,5fa98944be37ce239d1070fd
113,Cpgs,
114,Cpgs,55a41b4be4b0d0a65b3692ee
115,Cogs,
116,Cogs,
117,Cpgs,
118,Cogs,
119,Cogs,
120,Cogs,
121,Cogs,
122,Cogs,5e28b81cee7f2d697e835bcd
123,Cogs,
124,Cogs,
125,Cogs,
126,Cogs,
127,Cogs,
128,Cogs,
129,Cogs,
130,Cpgs,
131,Cogs,
132,Cogs,
133,Cogs,
134,Cogs,
135,Cpgs,
136,Cogs,
137,Cogs,
138,Cogs,
139,Cogs,
140,Cogs,
141,Cogs,
142,Cogs,
143,Cogs,
144,Cogs,5fcda494be37ce688e08b0cb
145,Cogs,5eebc5412455c97a877ef382
146,Cogs,
147,Cpgs,
148,Cogs,
149,Cogs,
150,Cogs,
151,Cpgs,
152,Cogs,5c45f8b087ff3552f950f026
153,Cogs,
154,Cogs,
155,Cogs,
156,Cogs,
157,Cogs,
158,Cogs,5f772951be37ce6b592e90d1
159,Cogs,5fa1c568be37ce402c4618f5
160,Cogs,
161,Cogs,
162,Cogs,
163,Cogs,
164,Cogs,
165,Cogs,
166,Cogs,
167,Cogs,
168,Cogs,5f7ba644be37ce23081c5289
169,Cpgs,
170,Cogs,5f504acabe37ce0b793c9417
171,Cogs,
172,Cpgs,
173,Cpgs,
174,Cpgs,5332f7ffe4b03c9a25efd16b
175,Cogs,
176,Cogs,
177,Cogs,
178,Cogs,
179,Cogs,5ffe3a87be37ce7aab2d4fda
180,Cogs,5ffe3a85be37ce7aab2d4fd4
181,Cogs,5fff3a7abe37ce2bb793010d
182,Cogs,
183,Cogs,
184,Cogs,5ffe35eabe37ce5e01754c45
185,Cogs,5ffe347ebe37ce5e01754c3d
186,Cogs,
187,Cogs,
188,Cogs,
189,Cogs,
190,Cogs,
191,Cogs,
192,Cogs,
193,Cogs,
194,Cogs,
195,Cpgs,
196,Cogs,
197,Cogs,5f772951be37ce6b592e90cf
198,Cogs,5f504ac2be37ce0b793c9411
199,Cogs,
200,Cogs,5fd2a0bfbe37ce49eb72c0ef
201,Cogs,
202,Cogs,
203,Cogs,
204,Cogs,
205,Cogs,5f99f71bbe37ce13da9eade6
206,Cogs,
207,Cogs,5ffe3681be37ce5e01754c54
208,Cogs,
209,Cogs,
210,Cogs,5ffe3480be37ce5e01754c43
211,Cogs,
212,Cogs,5ffe35f9be37ce5e01754c4b
213,Cogs,
214,Cogs,
215,Cogs,5ff768e3be37ce1e961f329f
216,Cogs,5ff768d4be37ce1e961f3299
217,Cogs,
218,Cogs,
219,Cogs,
220,Cogs,5ff77857be37ce58ce500839
221,Cogs,5fd7f2b3be37ce7339755868
222,Cogs,
223,Cogs,
224,Cogs,5fd7f2b8be37ce733975586e
225,Cogs,
226,Cogs,
227,Cpgs,
228,Cogs,
229,Cpgs,
230,Cpgs,581ce8d5e4b058c71f74c442
231,Cpgs,
232,Cogs,
233,Cogs,5f628235be37ce78e6e2efb0
234,Cogs,
235,Cogs,5f3ff200be37ce1c81aa1e0a
236,Cogs,
237,Cpgs,
238,Cogs,
239,Cogs,
240,Cogs,5f493665be37ce52f8314fc9
241,Cogs,
242,Cogs,
243,Cogs,
244,Cogs,
245,Cogs,5c4f20b01b4181298aacffc1
246,Cogs,
247,Cogs,
248,Cogs,
249,Cogs,5fb6d381be37ce522e165cbd
250,Cogs,
251,Cogs,
252,Cogs,
253,Cogs,
254,Cogs,
255,Cogs,
256,Cogs,
257,Cogs,
258,Cogs,
259,Cogs,
260,Cogs,
261,Cpgs,
262,Cogs,
263,Cogs,
264,Cogs,
265,Cogs,
266,Cogs,
267,Cogs,
268,Cogs,
269,Cogs,5fcda47cbe37ce688e08b0c2
270,Cogs,
271,Cogs,
272,Cpgs,
273,Cogs,
274,Cogs,
275,Cpgs,5459429be4b0bfcb1e864082
276,Cogs,
277,Cogs,
278,Cogs,
279,Cogs,5f513ea0be37ce21f1287c01
280,Cogs,
281,Cogs,
282,Cpgs,
283,Cogs,59b96571e4b0bf7c7980588b
284,Cogs,
285,Cogs,
286,Cogs,
287,Cpgs,
288,Cogs,
289,Cpgs,
290,Cpgs,
291,Cogs,
292,Cpgs,
293,Cogs,
294,Cogs,
295,Cogs,
296,Cogs,
297,Cogs,
298,Cogs,5f58fa84be37ce21f1287c0f
299,Cogs,
300,Cogs,
301,Cogs,
302,Cogs,
303,Cogs,
304,Cogs,5ff78071be37ce6a424ca0e7
305,Cogs,
306,Cogs,
307,Cogs,
308,Cogs,
309,Cogs,5ff789c5be37ce786ba0f6a2
310,Cogs,
311,Cogs,
312,Cogs,5ff78070be37ce6a424ca0e5
313,Cogs,
314,Cogs,5ff77859be37ce58ce50083f
315,Cogs,
316,Cogs,
317,Cogs,
318,Cogs,5fdce9e9be37ce5fa8ba59d6
319,Cogs,
320,Cogs,
321,Cogs,
322,Cogs,
323,Cogs,
324,Cogs,
325,Cogs,
326,Cogs,
327,Cogs,
328,Cogs,
329,Cogs,
330,Cpgs,
331,Cogs,
332,Cogs,
333,Cpgs,
334,Cogs,
335,Cogs,
336,Cogs,
337,Cpgs,
338,Cogs,
339,Cogs,
340,Cogs,
341,Cpgs,
342,Cogs,
343,Cogs,
344,Cogs,
345,Cogs,
346,Cogs,5f441280be37ce5dbe9b7c7d
347,Cogs,
348,Cogs,
349,Cogs,
350,Cpgs,
351,Cogs,
352,Cogs,
353,Cogs,
354,Cogs,
355,Cogs,
356,Cogs,
357,Cogs,
358,Cogs,
359,Cogs,
360,Cogs,
361,Cpgs,
362,Cogs,5f4802bdbe37ce0c8303373c
363,Cogs,
364,Cogs,
365,Cogs,
366,Cogs,5f208daebe37ce7958c59520
367,Cogs,5f036ccc2455c947fde9362f
368,Cogs,
369,Cogs,
370,Cogs,
371,Cogs,
372,Cogs,5f7760f0be37ce1d26d7b7a2
373,Cogs,
374,Cogs,
375,Cogs,
376,Cogs,
377,Cogs,5f38578fbe37ce5178517ad3
378,Cogs,
379,Cpgs,
380,Cogs,
381,Cogs,5f493dabbe37ce64d0ae36ba
382,Cogs,
383,Cogs,5f5bc4f1be37ce17125ac0e8
384,Cogs,
385,Cogs,5f77274bbe37ce6b592e90b9
386,Cogs,
387,Cpgs,
388,Cogs,5f4802d2be37ce0c83033742
389,Cogs,60074277be37ce360be639fe
390,Cpgs,
391,Cogs,
392,Cogs,
393,Cogs,
394,Cpgs,
395,Cogs,
396,Cogs,
397,Cogs,
398,Cogs,
399,Cogs,
400,Cogs,
401,Cogs,
402,Cogs,
403,Cogs,
404,Cogs,5f403231be37ce5f78d9ed14
405,Cogs,5f7ba932be37ce2f290fb251
406,Cogs,
407,Cogs,
408,Cogs,
409,Cogs,
410,Cogs,
411,Cpgs,
412,Cogs,
413,Cogs,
414,Cogs,
415,Cogs,
416,Cogs,
417,Cogs,
418,Cogs,
419,Cogs,
420,Cogs,5f4a7a5bbe37ce2d95e65c9f
421,Cogs,5f35834dbe37ce443bf9d564
422,Cogs,
423,Cogs,
424,Cogs,
425,Cogs,
426,Cpgs,
427,Cogs,
428,Cogs,5c7470c895144c124ecd5c09
429,Cogs,
430,Cogs,
431,Cogs,
432,Cogs,5fda3724be37ce09e351596f
433,Cogs,
434,Cogs,
435,Cogs,5e7cf838f221c312e698a628
436,Cogs,
437,Cogs,
438,Cogs,5ff73cffbe37ce1e961f325c
439,Cogs,5ff73cf9be37ce1e961f3256
440,Cogs,
441,Cogs,5ff74123be37ce1e961f3265
442,Cogs,
443,Cogs,
444,Cogs,5ff74500be37ce1e961f3276
445,Cogs,
446,Cogs,5ff75cdebe37ce1e961f328a
447,Cogs,
448,Cogs,
449,Cogs,
450,Cogs,
451,Cogs,
452,Cogs,6000a0c6be37ce2bb793011c
453,Cogs,6000b8c3be37ce321363c6bf
454,Cogs,
455,Cogs,6000a0f3be37ce2bb7930129
456,Cogs,
457,Cogs,
458,Cpgs,
459,Cogs,
460,Cogs,
461,Cogs,
462,Cogs,
463,Cpgs,
464,Cogs,
465,Cogs,
466,Cogs,
467,Cogs,
468,Cogs,
469,Cogs,5f19e054be37ce33f74a166e
470,Cogs,
471,Cogs,
472,Cogs,5f872b7fbe37ce66db5dd975
473,Cogs,
474,Cpgs,
475,Cogs,
476,Cogs,5f10c05cbe37ce238c6cabaf
477,Cogs,
478,Cogs,
479,Cogs,
480,Cogs,
481,Cogs,
482,Cogs,
483,Cogs,
484,Cpgs,
485,Cogs,
486,Cogs,
487,Cogs,
488,Cogs,
489,Cogs,
490,Cogs,
491,Cpgs,
492,Cogs,
493,Cpgs,
494,Cogs,
495,Cogs,
496,Cogs,
497,Cogs,
498,Cogs,
499,Cogs,
500,Cogs,
501,Cogs,
502,Cogs,
503,Cogs,5f628214be37ce78e6e2efaa
504,Cogs,
505,Cpgs,
506,Cogs,
507,Cogs,
508,Cogs,
509,Cpgs,
510,Cogs,
511,Cogs,
512,Cogs,5fcff319be37ce6d53dfc690
513,Cpgs,
514,Cogs,
515,Cogs,
516,Cpgs,
517,Cogs,
518,Cogs,
519,Cogs,
520,Cogs,
521,Cpgs,
522,Cogs,
523,Cogs,
524,Cogs,
525,Cpgs,
526,Cogs,
527,Cogs,
528,Cogs,
529,Cogs,
530,Cogs,
531,Cogs,
532,Cogs,
533,Cogs,
534,Cogs,
535,Cogs,
536,Cogs,
537,Cogs,
538,Cogs,
539,Cogs,5e5ea9cc9c50da1291a6d074
540,Cogs,
541,Cogs,
542,Cogs,
543,Cogs,5ffe3381be37ce5e01754c34
544,Cogs,5ffe2e38be37ce5e01754c21
545,Cogs,
546,Cogs,5ffe336ebe37ce5e01754c2e
547,Cogs,
548,Cogs,
549,Cogs,
550,Cogs,
551,Cogs,
552,Cogs,
553,Cogs,
554,Cogs,5fdce8dabe37ce5fa8ba59be
555,Cogs,
556,Cogs,
557,Cogs,5fdce9cabe37ce5fa8ba59cd
558,Cogs,5fdce8edbe37ce5fa8ba59cb
559,Cogs,
560,Cogs,
561,Cogs,
562,Cpgs,
563,Cogs,
564,Cogs,
565,Cogs,
566,Cogs,
567,Cogs,
568,Cogs,
569,Cogs,
570,Cogs,
571,Cogs,
572,Cogs,
573,Cogs,
574,Cogs,
575,Cogs,
576,Cpgs,5332f734e4b03c9a25efd104
577,Cpgs,5332fa58e4b03c9a25efd215
578,Cpgs,
579,Cogs,5f38576ebe37ce5178517aca
580,Cogs,5c76dd1095144c5375687b51
581,Cogs,
582,Cogs,
583,Cogs,
584,Cogs,
585,Cogs,
586,Cpgs,
587,Cogs,
588,Cpgs,
589,Cogs,
590,Cpgs,
591,Cogs,
592,Cogs,
593,Cogs,
594,Cogs,
595,Cogs,
596,Cogs,5d66b9dcee7f2d201c7281cd
597,Cogs,
598,Cogs,
599,Cpgs,
600,Cogs,
601,Cogs,5f19e062be37ce33f74a1674
602,Cogs,
603,Cogs,
604,Cogs,
605,Cogs,5fcff304be37ce6d53dfc683
606,Cogs,
607,Cogs,
608,Cogs,
609,Cogs,5f4cff1aa475f1050a66b566
610,Cogs,
611,Cogs,
612,Cogs,5f3d6f43be37ce4ddbb1bb38
613,Cogs,
614,Cpgs,
615,Cogs,
616,Cogs,
617,Cpgs,
618,Cogs,5f4a64e7be37ce17d23b3178
619,Cogs,
620,Cogs,
621,Cogs,
622,Cogs,
623,Cogs,
624,Cpgs,
625,Cpgs,
626,Cogs,
627,Cogs,
628,Cogs,
629,Cogs,
630,Cpgs,
631,Cogs,
632,Cogs,
633,Cogs,
634,Cogs,
635,Cogs,
636,Cogs,
637,Cpgs,
638,Cpgs,55a41a91e4b0d0a65b3692ec
639,Cogs,
640,Cogs,
641,Cpgs,
642,Cogs,
643,Cpgs,
644,Cogs,5f16f512be37ce2b30061e1d
645,Cogs,
646,Cogs,
647,Cpgs,
648,Cogs,
649,Cpgs,537b7ec2892471241348d709
650,Cogs,
651,Cogs,
652,Cogs,
653,Cogs,
654,Cogs,
655,Cogs,
656,Cogs,
657,Cpgs,
658,Cogs,
659,Cogs,
660,Cogs,
661,Cogs,
662,Cogs,
663,Cogs,
664,Cogs,
665,Cogs,
666,Cogs,
667,Cogs,5f494cf904db711dd8fe87ef
668,Cogs,
669,Cogs,
670,Cpgs,
671,Cogs,
672,Cogs,
673,Cogs,
674,Cpgs,
675,Cogs,
676,Cogs,
677,Cpgs,
678,Cogs,
679,Cogs,
680,Cogs,
681,Cogs,
682,Cogs,
683,Cogs,
684,Cogs,
685,Cogs,
686,Cogs,5f7760ffbe37ce1d26d7b7a8
687,Cpgs,
688,Cogs,
689,Cpgs,
690,Cogs,
691,Cogs,
692,Cogs,
693,Cpgs,
694,Cpgs,
695,Cogs,
696,Cogs,
697,Cogs,
698,Cogs,
699,Cogs,
700,Cpgs,
701,Cogs,
702,Cpgs,
703,Cpgs,
704,Cogs,
705,Cogs,5f4a7a60be37ce2d95e65cac
706,Cogs,
707,Cogs,5fd29591be37ce38bbbefb2b
708,Cpgs,
709,Cogs,
710,Cogs,
711,Cpgs,
712,Cogs,
713,Cogs,
714,Cogs,
715,Cogs,
716,Cogs,
717,Cogs,
718,Cpgs,
719,Cogs,
720,Cogs,
721,Cogs,
722,Cogs,
723,Cogs,
724,Cogs,
725,Cogs,
726,Cogs,5fc54c17be37ce1911dbb3b7
727,Cogs,
728,Cogs,
729,Cogs,
730,Cogs,
731,Cogs,
732,Cpgs,
733,Cpgs,
734,Cogs,
735,Cogs,
736,Cogs,
737,Cogs,
738,Cogs,
739,Cogs,
740,Cogs,
741,Cogs,
742,Cogs,
743,Cogs,
744,Cpgs,540f215de4b09fb9af4b49f1
745,Cogs,
746,Cogs,5fd3acb9be37ce0d9386bb4b
747,Cpgs,53501d2ab9237fd7718f9e1a
748,Cogs,5f208db0be37ce7958c59526
749,Cogs,
750,Cogs,
751,Cogs,
752,Cogs,
753,Cogs,
754,Cogs,
755,Cogs,
756,Cogs,
757,Cogs,
758,Cogs,
759,Cogs,
760,Cogs,
761,Cogs,
762,Cogs,
763,Cogs,
764,Cogs,
765,Cogs,
766,Cogs,
767,Cogs,
768,Cogs,
769,Cogs,
770,Cogs,5f441281be37ce5dbe9b7c83
771,Cogs,
772,Cpgs,
773,Cogs,
774,Cogs,
775,Cogs,5f4cffbaa475f1050a66b573
776,Cogs,
777,Cogs,
778,Cogs,
779,Cogs,
780,Cogs,5f493e72be37ce64d0ae36c0
781,Cogs,
782,Cpgs,55a58719e4b0d0a65b3693cc
783,Cogs,5fd3ae1fbe37ce0d9386bb54
784,Cpgs,
785,Cogs,
786,Cogs,
787,Cogs,
788,Cogs,
789,Cpgs,
790,Cogs,
791,Cogs,
792,Cogs,
793,Cogs,
794,Cogs,
795,Cogs,5ff74126be37ce1e961f326e
796,Cogs,
797,Cogs,
798,Cogs,5ff744ffbe37ce1e961f3274
799,Cogs,
800,Cogs,
801,Cogs,5ffe3686be37ce5e01754c5d
802,Cogs,
803,Cogs,
804,Cogs,
805,Cogs,
806,Cogs,
807,Cogs,
808,Cpgs,
809,Cogs,
810,Cogs,
811,Cogs,
812,Cogs,
813,Cogs,
814,Cogs,
815,Cogs,5f4a650bbe37ce17d23b317e
816,Cogs,5f43faadbe37ce3ef3fd371a
817,Cogs,
818,Cogs,
819,Cogs,
820,Cogs,
821,Cogs,
822,Cogs,
823,Cogs,
824,Cogs,
825,Cogs,
826,Cogs,
827,Cogs,
828,Cpgs,
829,Cogs,
830,Cogs,
831,Cogs,
832,Cpgs,
833,Cogs,
834,Cpgs,53501d2ab9237fd7718f9e18
835,Cogs,
836,Cogs,
837,Cogs,
838,Cogs,
839,Cogs,
840,Cogs,
841,Cogs,
842,Cogs,5ff75cdebe37ce1e961f328c
843,Cogs,
844,Cogs,
845,Cogs,
846,Cogs,
847,Cogs,
848,Cogs,
849,Cogs,
850,Cogs,
851,Cogs,
852,Cpgs,
853,Cogs,
854,Cogs,5f35a0bcbe37ce6853cff20a
855,Cpgs,
856,Cogs,
857,Cogs,
858,Cpgs,
859,Cogs,
860,Cogs,
861,Cogs,
862,Cogs,
863,Cogs,
864,Cogs,
865,Cogs,
866,Cogs,
867,Cogs,
868,Cogs,
869,Cogs,
870,Cogs,5fd3ae20be37ce0d9386bb5a
871,Cogs,5fff3aa0be37ce2bb7930116
872,Cogs,
873,Cogs,
874,Cogs,
875,Cogs,
876,Cogs,
877,Cogs,
878,Cogs,
879,Cogs,
880,Cogs,60019b82be37ce4f17e558d1
881,Cogs,
882,Cpgs,
883,Cogs,
884,Cogs,
885,Cogs,
886,Cogs,
887,Cogs,
888,Cogs,
889,Cogs,
890,Cogs,
891,Cogs,
892,Cogs,
893,Cogs,5f493d85be37ce64d0ae36b1
894,Cogs,
895,Cogs,
896,Cogs,
897,Cogs,5ff3842abe37ce2c56dacbab
898,Cogs,5ff3842bbe37ce2c56dacbad
899,Cogs,
900,Cogs,
901,Cogs,6000b8c4be37ce321363c6c5
902,Cogs,
903,Cogs,
904,Cogs,
905,Cogs,
906,Cogs,
907,Cogs,
908,Cogs,
909,Cogs,60074260be37ce360be639f5
910,Cogs,
911,Cogs,60019b83be37ce4f17e558d7
912,Cogs,
913,Cogs,5ff8b5febe37ce4a13986613
914,Cogs,
915,Cogs,5ffe2df8be37ce5e01754c1f
916,Cogs,
917,Cogs,
918,Cogs,5ff8b5fbbe37ce4a1398660d
919,Cogs,5ffe2ce0be37ce5e01754c16
920,Cogs,
921,Cogs,
922,Cogs,5ffe2ca0be37ce5e01754c09
923,Cogs,
924,Cogs,
925,Cogs,
926,Cogs,5ff789d5be37ce786ba0f6a8
927,Cogs,
928,Cogs,
929,Cogs,
930,Cogs,
931,Cogs,
932,Cogs,
933,Cogs,
934,Cogs,
935,Cpgs,
936,Cogs,
937,Cogs,
938,Cogs,
939,Cogs,
940,Cpgs,5332f712e4b03c9a25efd0f9
941,Cpgs,
942,Cogs,5f7ba678be37ce23081c5296
943,Cogs,5c6d516795144c607914426e
944,Cpgs,
945,Cogs,
946,Cogs,5f99f720be37ce13da9eadec
947,Cogs,
948,Cogs,
949,Cogs,
950,Cogs,
951,Cogs,
952,Cogs,
953,Cogs,
954,Cogs,
955,Cogs,5f872bd3be37ce66db5dd982
956,Cogs,
957,Cogs,
958,Cogs,
959,Cpgs,
960,Cogs,
961,Cogs,5ea07defbe37ce3e45b6a780
962,Cogs,
963,Cogs,
964,Cogs,
965,Cpgs,
966,Cogs,
967,Cogs,
968,Cpgs,
969,Cogs,5f403232be37ce5f78d9ed1a
970,Cogs,
971,Cogs,
972,Cpgs,
973,Cogs,
974,Cpgs,
975,Cogs,
976,Cogs,
977,Cogs,
978,Cogs,
979,Cogs,5f5bc4f1be37ce17125ac0e6
980,Cogs,
981,Cogs,
982,Cogs,
983,Cogs,
984,Cogs,
985,Cogs,
986,Cogs,
987,Cogs,
988,Cogs,
989,Cogs,
990,Cogs,
991,Cpgs,
992,Cogs,
993,Cogs,
994,Cogs,
995,Cogs,
996,Cogs,
997,Cogs,
998,Cogs,
999,Cogs,
1000,Cpgs,
1001,Cogs,
1002,Cogs,
1003,Cogs,
1004,Cogs,
1005,Cogs,
1006,Cogs,
1007,Cogs,
1008,Cogs,
1009,Cogs,
1010,Cogs,
1011,Cogs,
1012,Cogs,
1013,Cpgs,
1014,Cogs,
1015,Cogs,
1016,Cpgs,
1017,Cogs,
1018,Cogs,
1019,Cogs,
1020,Cogs,
1021,Cogs,
1022,Cpgs,
1023,Cogs,5c6c2ee995144c6db8fe1976
1024,Cogs,
1025,Cogs,
1026,Cogs,
1027,Cogs,56462469e4b0c05761111936
1028,Cogs,
1029,Cogs,
1030,Cogs,
1031,Cogs,
1032,Cogs,
1033,Cogs,
1034,Cogs,
1035,Cogs,
1036,Cogs,
1037,Cogs,
1038,Cogs,
1039,Cogs,
1040,Cogs,
1041,Cpgs,
1042,Cogs,
1043,Cogs,
1044,Cogs,
1045,Cogs,5f9770c0be37ce03d08a2d89
1046,Cogs,
1047,Cpgs,
1048,Cogs,
1049,Cogs,
1050,Cpgs,
1051,Cogs,5fda3711be37ce09e351596d
1052,Cogs,
1053,Cogs,
1054,Cogs,
1055,Cogs,
1056,Cogs,
1057,Cogs,
1058,Cogs,
1059,Cogs,
1060,Cogs,5f7ba914be37ce2f290fb24f
1061,Cogs,
1062,Cogs,
1063,Cogs,
1064,Cogs,
1065,Cogs,
1066,Cogs,
1067,Cpgs,
1068,Cogs,
1069,Cogs,
1070,Cogs,
1071,Cogs,
1072,Cogs,
1073,Cpgs,
1074,Cogs,
1075,Cogs,
1076,Cogs,
1077,Cogs,
1078,Cogs,
1079,Cogs,
1080,Cogs,
1081,Cogs,
1082,Cogs,
1083,Cogs,
1084,Cogs,
1085,Cogs,
1086,Cogs,
1087,Cogs,
1088,Cpgs,
1089,Cpgs,
1090,Cogs,
1091,Cogs,
1092,Cogs,
1093,Cogs,
1094,Cogs,
1095,Cogs,
1096,Cogs,
1097,Cpgs,
1098,Cogs,
1099,Cogs,
1100,Cogs,
1101,Cpgs,
1102,Cogs,
1103,Cogs,
1104,Cpgs,
1105,Cogs,
1106,Cpgs,
1107,Cogs,
1108,Cogs,
1109,Cogs,
1110,Cogs,
1111,Cogs,
1112,Cogs,
1113,Cogs,
1114,Cogs,5f4bf53dbe37ce0b44915540
1115,Cpgs,
1116,Cogs,
1117,Cogs,
1118,Cogs,
1119,Cogs,
1120,Cpgs,
1121,Cpgs,
1122,Cogs,
1123,Cpgs,
1124,Cogs,
1125,Cogs,
1126,Cogs,
1127,Cogs,
1128,Cogs,
1129,Cogs,
1130,Cogs,
1131,Cogs,
1132,Cogs,
1133,Cogs,
1134,Cogs,
1135,Cogs,
1136,Cogs,
1137,Cogs,
1138,Cogs,
1139,Cogs,
1140,Cogs,
1141,Cogs,
1142,Cogs,
1143,Cpgs,
1144,Cpgs,
1145,Cogs,
1146,Cpgs,
1147,Cogs,
1148,Cogs,
1149,Cogs,
1150,Cogs,
1151,Cogs,
1152,Cogs,
1153,Cogs,
1154,Cogs,
1155,Cogs,
1156,Cogs,
1157,Cpgs,
1158,Cogs,
1159,Cogs,
1160,Cogs,
1161,Cogs,
1162,Cogs,5f77274dbe37ce6b592e90bf
1163,Cogs,
1164,Cogs,
1165,Cogs,
1166,Cogs,6026d757be37ce6369301467
